code,iso,country,region,B.1.1.1,B.1.1.2,B.1.1.3,B.1.1.4,B.1.2.1,B.1.2.2,B.1.2.3,B.1.2.4,B.1.2.5,B.1.3.1,B.1.3.2,B.1.3.3,B.1.3.4,B.1.3.5,B.1.4.1,B.1.4.2,B.1.4.3,B.1.4.4,B.1.5.1,B.1.5.2,B.1.5.3,B.1.5.4,B.1.6.1,B.1.6.2,B.1.6.3,B.2.1.1,B.2.1.2,B.2.2.1,B.2.2.2,B.2.3.1,B.2.3.2,B.2.3.3,B.2.3.4,B.2.4.4,B.2.4.5,B.2.4.6,B.2.4.8,B.2.4.9,B.3.1.1,B.3.1.2,B.3.1.3,B.3.1.4,B.3.1.5,B.3.2.1,B.3.2.2,B.3.2.3,B.3.2.4,B.3.2.5,B.3.3.1,B.3.3.2,B.3.3.3,B.3.4.1,B.3.4.2,B.3.4.3,B.3.4.4,B.3.4.5,B.3.4.6,B.3.4.7,B.3.5.3,B.3.5.4,B.3.5.5,B.1.1,B.1.2,B.1.3,B.1.4,B.1.5,B.1.6,B.2.1,B.2.2,B.2.3,B.2.4,B.3.1,B.3.2,B.3.3,B.3.4,B.3.5,B.1,B.2,B.3,B
100,BGR,Bulgaria,Europe and Central Asia,99.15,93.93,95.61,74.8,96.09,78.44,99.6,100,47.54,0,22.98,84.43,4.09,68.37,79.94,85.99,97.34,77.69,60.1,2.04,49.01,84.1,9.52,53.61,40.02,90.66,94.58,91.37,83.05,61.54,41.86,18.39,7.35,13.77,16.23,36.74,2.24,16.6,84.31,80.09,50.16,16.58,29.8,99.55,41,51.8,38.9,95.78,3.12,98.22,3.35,91.67,38.2,100,100,13.9,52.83,43.1,37,83.6,44.8,90.87,84.33,35.97,65.82,48.81,34.38,92.62,58.14,32.28,9.51,52.19,65.41,34.89,56.66,33.08,62.81,51.94,28.68,49.31
104,MMR,Myanmar,East Asia and Pacific,70.1,39.23,57.04,82.52,37.12,86.8,99.36,56.32,94.37,80.13,77.25,60.94,29.21,94.75,48.83,62.47,93.42,31.54,50.34,11.97,7.54,70.18,75.17,83.91,74.97,87.06,88.57,94.37,64.4,35.97,60.56,47.52,3.1,92.1,97.22,74.02,87.38,97.02,64,19.24,45.8,84.53,70.6,91.98,23.4,55.1,41.2,79.49,0.38,65.73,21.42,96.82,12.3,51.8,49.6,0,4.82,51.57,16.7,67.9,54.8,62.22,74.8,68.46,51.18,35.01,78.02,87.82,52.92,36.79,49.75,56.84,58.23,29.18,30.76,27.88,61.48,60.41,27.33,50.91
108,BDI,Burundi,Sub-Saharan Arica,34.02,43.24,45.06,64.08,79.24,80.2,19.19,68.21,98.96,98.1,91.14,93.46,85.33,81.85,6.58,8.75,83.43,5.21,13.27,76.01,33.29,88.07,95.99,94.38,100,80.82,84.7,54.21,57.33,12.24,50.4,39.72,0.65,59.62,30.19,98.34,6.12,6.07,59.87,0,38.62,54.78,100,97.23,32.7,66.5,39.2,100,0.31,29.17,1.02,98.51,7.4,45.2,46.2,0,0,52.4,25.3,90.7,48.5,46.6,69.16,89.97,24.69,52.66,96.79,82.76,37.18,25.75,22.26,50.66,67.13,10.17,28.19,32.9,62.52,45.83,24.11,45.99
112,BLR,Belarus,Europe and Central Asia,100,99.94,99.17,93.09,94.52,85.15,98.65,100,61.33,5.03,39.59,100,79.11,24.07,84.42,6.13,94.52,74.42,79.61,3.36,43.99,96.02,2.37,52.61,29.47,78.08,91.64,68.15,74.1,38.68,59.81,32.71,55.7,4.59,0.2,23.69,19.11,13.9,84.78,99.29,57.78,0,19,100,24.1,68.8,54.9,100,0.47,93.5,4.04,89.73,70.6,100,60.8,7.2,41.47,51.37,27.5,91.3,55.1,98.05,87.93,49.56,46.27,55.74,28.15,84.86,47.42,46.72,6.83,52.17,69.56,32.67,52.83,34.78,64.91,48.63,29,49.25
116,KHM,Cambodia,East Asia and Pacific,80.99,61.86,75.41,65.96,43.98,87.62,96.72,68.64,95.65,87.75,84.66,80.74,77.62,87.22,51.09,88.02,93.04,42.86,48.39,28.33,16.35,86.08,73.57,83.91,86.7,94.55,85.77,90.17,85.31,18.36,22.72,10.53,1.5,15.65,92.16,85.64,80.11,38.13,76.31,20.15,52.99,41.13,73.8,94.01,13.8,51,80.8,100,0.2,45.42,8.56,97.82,11.2,41.4,49.4,0,2.89,50.23,31,26.4,49.1,71.05,78.52,83.6,58.04,44.79,81.39,90.16,58.49,13.28,34.63,52.87,67.92,18.06,28.96,21.3,69.51,54.5,26.16,52
12,DZA,Algeria,Middle East and North Africa,86.8,56.7,78.76,95.5,88.26,80.2,100,99.98,97.11,81.21,85.83,91.05,89.58,96.33,47.32,82.21,91.82,16.89,83.51,0,44.6,72.83,31.4,49.27,26.39,91.89,74.85,94.67,94.63,18.36,12.23,46.98,0.79,76.3,91.96,97.31,2.35,34.54,59.89,99.8,20.12,12.51,44.6,99.94,17.3,69.2,100,99.86,10.1,89.24,0.27,98.71,78.9,100,23.5,33.1,30.99,47.11,7.1,80.7,75.4,79.44,93.11,88.8,55.34,50.24,35.69,83.37,63.1,19.59,33.61,47.38,77.26,33.2,52.17,32.64,69.55,54.31,29.45,52.95
120,CMR,Cameroon,Sub-Saharan Arica,36.32,28.64,26.48,30.56,65.14,78.96,33.63,31.13,97.63,95.79,96.61,79.67,88.99,71.11,21.35,27.04,91.85,36.37,21.07,22.26,0,40.36,91.72,86.02,78.41,94.34,92.87,87.57,48.76,6.12,1.09,4.47,0.45,82.95,82.75,96.04,82.63,9.96,17.93,26.45,30.13,49.42,80.7,99.92,30.3,47.8,35.8,100,0.04,35.32,12.65,99.23,14.7,39.1,40.4,0,2.38,50.62,27.4,85.3,63.1,30.5,61.3,86.44,35.06,20.92,85.38,93.6,45.44,3.04,39.37,40.93,62.76,16,27.97,35.16,51.48,51.84,22.41,42.87
124,CAN,Canada,North America,99.15,93.93,97.44,96.86,99.13,96.01,99.99,100,72.19,84.59,32.96,89.46,46.57,60.34,90.86,92.38,96.17,70.93,100,1.51,89.76,84.1,11.98,0.04,48.07,68.02,79.08,93.57,85.59,62.25,76.13,87.11,85.82,94.51,4.95,20.77,0.67,13.28,100,100,56.9,51.04,2.7,96.14,26.7,60.2,61.7,96.68,0.14,98.55,89.06,92.67,100,100,100,67.4,92.76,81.5,28.8,81.2,82.4,96.84,93.46,62.78,69.85,68.84,20.03,73.55,59.72,77.83,14.91,62.13,68.28,62.58,78.98,38.48,72.25,55.57,36.34,56.48
132,CPV,Cabo Verde,Sub-Saharan Arica,93.34,77.61,87.29,51.52,91.19,85.15,100,74.82,57.77,88.71,78.19,82.01,90.18,56.01,30.86,88.6,83.07,46.38,65.95,15.38,42.86,88.07,57.74,57.96,52.7,0.78,87.5,91.24,70.05,63.8,22.72,23.56,0.94,22.06,68.77,19.05,6.49,86.88,64.97,80.7,52.99,91.84,77.3,92.11,46.8,87.4,100,100,0.97,88.68,0.59,93.66,30.3,44.7,25.6,20.9,20.7,48.31,2.1,72.53,45.2,77.44,81.79,79.02,50.63,53.07,56.13,44.14,53.76,27.76,22.58,73.56,85.26,30.08,33.7,23.97,67.9,38.04,35.69,49.28
140,CAF,Central African Republic,Sub-Saharan Arica,0,0,0,13.78,0,62.87,5.81,4.48,98.53,86.4,96.96,78.91,64.85,58.33,0.25,19.78,80.1,4.36,0,69.18,11.33,0,100,100,92.51,90.45,86.88,72.28,56.01,9.69,1.53,23.34,2.08,99.02,16.16,96.8,78.03,1.93,37.68,0,22.08,49.25,44.7,96.86,48.6,95.9,42.7,100,0,0,35.01,100,2.8,55.7,47.9,0,0,53.18,34.1,98.5,65.5,3.45,34.34,77.09,25.03,20.13,97.5,88.67,42.76,9.16,32.44,30.74,76.81,11.67,29.49,39.62,39.23,48.86,21.97,36.94
144,LKA,Sri Lanka,South Asia,96,91.07,95.21,87.8,87.67,98.76,100,99.51,84.52,87.22,79.09,35.99,9.42,52.03,50.7,88.89,94.44,51.49,60.1,3.95,32.11,94.04,48.27,43.92,36.94,90.44,87.57,93.77,66.09,33.15,46.72,16.4,9.47,78.05,95.7,93.23,67.97,0.28,94.27,37.73,49.72,74.29,80.2,95.26,34.1,40.7,100,100,2.84,85.45,2.77,90.91,27.3,64.5,41.8,0,27.08,48.05,41.6,72.8,46.1,92.52,94.09,52.75,58.51,47.55,43.04,89,53.29,26.43,37.25,67.24,74.01,30.35,35.94,32.1,67.64,55.82,32.46,53.54
148,TCD,Chad,Sub-Saharan Arica,0,8.02,0,0,72.39,57.92,44.82,57.99,99.81,97.57,98.08,92.73,87.33,81.08,15.05,0.91,78.99,14.34,0,31.8,16.45,6.56,100,99.72,83.5,84.88,73.72,63.58,46.03,6,1.09,10.53,0,3.8,15.15,75.55,13.75,10.75,26.3,2.58,35.79,0,46.5,99.98,18.6,52.1,57,100,0.67,0,1.1,99.96,5.3,57.6,51.7,0,1.36,53.71,19.2,91.3,67,2,66.59,91.36,23.74,13.7,94.41,79.3,36.54,4.4,13.22,22.23,65.54,0.59,30.85,35.5,45.8,38.5,16.19,34.72
152,CHL,Chile,Latin America and The Caribbean,98.79,90.21,95.31,74.49,96.68,39.36,99.96,100,45.68,89.67,58.23,83.97,57.29,71.31,64.08,91.22,89.29,77.29,67.9,1.66,83.51,88.07,29.7,28.44,49.5,98.26,94.93,73.96,83.33,93.96,81,61.94,18.24,83.2,81.71,96.8,6.92,73.8,81.97,93.9,62.13,82.9,39.2,98.88,25.2,55.7,41.9,20.24,0.45,100,54.7,79.68,59.5,50.5,18.7,71.9,44.31,19.97,31.9,88.3,68.4,89.7,76.34,72.09,61.15,60.29,35.88,96.6,52.43,63.78,38.05,72.02,48.38,51.72,46.37,37.72,68.31,64.72,32.9,56.61
156,CHN,China,East Asia and Pacific,96.85,92.21,94.4,96.88,88.84,56.68,100,100,99.95,69.3,46.74,91.47,26.54,74.78,57.22,49.69,99.36,62.23,85.46,0.18,34.98,100,23.19,63.75,55.3,84.41,75.54,96.77,44.05,42.05,54.29,20,6.73,85.9,63.41,77.2,80.16,80.75,42.84,63.43,31.88,73.32,27.7,97.41,32.6,56.1,43.7,88.16,2.43,88.44,2.27,74,33,75.8,41.5,9.4,31.59,42.95,20.2,72.2,57.6,95.08,89.09,61.77,51.57,55.16,47.41,79.98,46.94,30.77,43.05,47.83,63.59,31.05,37.9,30,69.58,53.64,26.75,51.95
170,COL,Colombia,Latin America and The Caribbean,90.31,81.9,88.41,56.7,93.35,0,97.08,93.55,39.62,90.23,78.73,93.57,62.09,90.89,62.65,98.19,34.96,74.74,79.61,0.22,90.11,78.13,37.06,22.21,6.37,81.66,97.38,81.96,51.68,81.72,59.37,45.24,11.85,79.15,96.84,89.08,93.49,92.47,87.55,90.55,70.62,79.65,57.2,98.7,33.3,62,66.6,95.59,0.06,94.99,50.06,87.98,46,58.5,46.4,25.6,27.2,52.66,52.2,68.9,56.4,79.33,64.72,83.1,48.95,62.02,21.88,89.52,44.55,49.55,50.11,77.11,71.24,48.37,41.67,35.5,62.48,61.2,37.34,54.56
180,COD,Dem. Rep. Congo,Sub-Saharan Arica,43.1,24.91,16.32,16.52,37.52,59.57,11.05,33.98,99.61,94.64,95.05,89.95,78.66,80.07,8.25,43.88,78.62,6.91,11.32,40.31,12.51,16.5,96.2,94.38,90.14,87.3,47.59,66.7,39.81,0,17.21,34.59,9.81,95.25,97.84,86.4,68.49,10.66,52.43,5.62,35.14,57.87,100,99.95,25.2,49.2,51.5,0,0,0,12.59,100,9.8,45.4,50.2,0,0.03,54.15,27.7,78,74,25.21,48.34,87.67,32.69,20.16,93.57,67.45,35.5,15.4,39.85,50.21,45.17,4.2,29.35,35.94,48.66,43.33,19.07,38.19
188,CRI,Costa Rica,Latin America and The Caribbean,97.09,85.62,93.69,65.73,98.25,80.2,99.99,99.8,32.56,93.77,74.56,73.97,75.39,74.82,64.44,98.48,71.5,90.77,81.56,0.34,100,92.05,36.21,23.1,14.07,93,66.97,89.17,70.61,63.23,48.13,51.86,24.01,82.62,75.33,73.24,94.75,78.26,88.54,93.9,64.31,0,63.3,98.7,34.3,58.3,33.9,100,0.32,99.62,26.04,57.5,54,55.1,12.1,9.7,44.71,49.95,56.2,72.8,43.4,85.53,82.16,78.5,58.6,68.49,24.46,79.99,53.26,46.81,44.91,62.01,65.04,41.99,33.3,34.48,69.21,58.48,31.96,54.81
191,HRV,Croatia,Europe and Central Asia,99.39,95.07,97.54,96.74,98.64,100,99.96,100,29.91,37.45,0,49.29,44.26,42.73,83.55,90.64,99.23,77.31,69.85,1.29,52.9,72.83,6.21,37.13,47.48,61.35,99.38,89.97,38.4,19.28,46.94,53.18,19.78,8.79,12.29,3.42,13.61,25.22,85.85,94.01,32.09,41.77,38.9,97.76,39,49.3,55.6,100,0.2,99.85,10.4,85.43,58.3,100,81.7,51.7,53.52,59.95,44.5,88.9,42.6,97.19,85.7,34.74,68.35,49.22,30.27,80.36,42.79,34.8,7.04,58.52,68.33,36.82,61.52,35.2,64.06,44.04,30.86,48.09
192,CUB,Cuba,Latin America and The Caribbean,96,97.08,97.24,65.83,98.93,76.49,99.58,99.97,48.43,61.51,28.32,85.13,43.98,50.14,80.92,97.31,85.84,100,93.27,0.43,67.44,100,42.72,37.91,78.88,71.83,80.26,94.67,91.81,40.26,30.18,25.44,18.56,21.36,12.42,18.21,11.72,5.32,83.62,98.37,63.22,18.91,48.4,81.14,21.3,65.5,55.2,85.62,2.11,93.98,3.8,97.53,63.1,62.5,89.6,3.6,36.86,43.85,33.5,95.7,50.1,89.04,84.68,53.82,66.02,65.28,53.17,76.05,62.16,28.61,7.67,62.5,61.75,33.29,50.46,35.86,70.68,46.53,29.88,51.19
196,CYP,Cyprus,Europe and Central Asia,99.64,99.66,100,99.23,99.17,90.92,99.98,100,14.11,86.35,63.25,74.37,46.99,91.89,89.71,91.51,97.45,76.22,83.51,1.58,23.72,93.37,5.79,27.44,46.53,91.69,91.33,91.8,70.61,79.56,49.32,79.2,7.2,93.94,96.64,5.3,24.21,22.61,86.6,99.9,25.56,0,31.2,96.28,37.7,54.9,38.8,99.99,3.2,99.56,0.71,89.63,97.7,100,83.1,50,76.65,51.57,14.6,84.77,36.4,99.63,80.84,72.57,69.67,50.55,26.59,91.51,54.14,53.82,26.97,48.65,65.53,34.49,71.01,27.15,69.55,58.9,27.9,53.86
203,CZE,Czech Republic,Europe and Central Asia,100,98.8,99.17,93.87,99.25,90.92,99.99,100,45.77,49.2,14.35,66.04,53.64,64.34,89.15,84.83,97.66,75.89,79.61,1.68,69.23,91.39,18.06,33.57,55.42,91.5,82.88,73.2,53.57,37.89,67.16,75.47,80.11,4.55,1.99,7.46,5.4,4.64,88.11,98.48,36.88,51.04,20.4,97.29,24,75.6,26.8,100,1.43,99.78,1.37,88.52,74.5,100,100,60.8,71.51,77.36,49.4,87,48.9,97.96,87.18,49.52,67.91,60.48,35.68,87.19,42.26,65.15,2.67,58.98,64.74,34.19,70.76,37.06,69.46,50.22,29.84,51.8
204,BEN,Benin,Sub-Saharan Arica,52.3,15.75,10.74,44.18,89.43,72.77,0,45.53,98.74,94.08,93.27,86.69,85.96,75.79,30.81,26.17,93.04,1.82,9.37,33.86,4.83,46.32,95.03,86.69,76.39,91.52,92.54,64.25,44.15,0,1.09,20.49,1.18,3.95,20.38,3.06,7.81,6.21,59.74,6.54,24.47,0,85.7,97.79,20.4,20.8,100,100,0.14,35.16,1.01,97.66,9,43.5,23.3,0,1.3,50.81,46,86.4,50.2,30.74,61.3,87.16,37.5,23.59,86.04,92.03,36.13,5.69,4.6,35.29,67.8,12.1,24.97,36.52,52.52,40.43,21.41,39.56
208,DNK,Denmark,Europe and Central Asia,99.88,94.79,98.56,99.31,99.23,98.76,99.99,100,59.57,80.01,9.42,80.91,3.31,64.62,95.44,98.77,98.11,70.93,89.37,1.51,74.86,96.02,13.36,14.63,58.5,98.39,75.9,97.27,85.59,49.44,63.27,60.94,100,10.15,5.54,19.34,3.61,3,95.59,99.9,54.29,41.45,31.8,67.89,26.2,72.7,60.6,100,1.42,100,1.14,92.92,100,100,100,100,100,28.99,34.9,93.4,44.5,98.13,91.51,47.66,73.08,65.44,28.83,87.14,60.95,68.41,4.63,64.61,65.48,34.19,84.7,34.56,70.72,55.89,31.13,54.39
214,DOM,Dominican Republic,Latin America and The Caribbean,88.86,47.82,73.99,37.21,91.98,59.16,99.93,74.2,78.49,76.54,75.34,75.51,88.12,86.91,0,88.89,74.64,77.34,75.71,1.89,68.51,66.2,56.92,44.37,45.94,98.1,79.88,95.05,22.58,53.31,36.67,21.1,29.41,16.67,85.86,72.51,24.39,20.77,91.02,91.67,64.31,0,59.1,96.13,23.7,63.4,43,90.39,4.47,93.68,2.51,87.05,37.8,85.7,72.9,5.8,27.87,44.1,39.6,64.6,44.1,61.97,80.75,80.48,40.88,53.08,49.08,88.99,39.21,35.12,24.47,61.22,63.32,33.55,45.3,29.66,62.5,50.51,29.94,49.14
218,ECU,Ecuador,Latin America and The Caribbean,93.22,83.05,88.2,46.81,91.19,75.25,99.03,99.94,82.02,94.74,80.9,70.85,85.31,76.48,49.58,91.8,85.67,60.97,81.56,0.97,48.14,42.35,46.35,33.79,48.07,78.33,85.34,66.09,74.57,87.29,85.76,42.18,18.83,88.49,87.2,99.74,91.05,94.02,89.58,94.01,66.92,13.82,55.9,96.65,38.6,36.2,34.4,100,0.25,90.68,30.07,74.42,50,25.2,31.6,0,24.55,53.2,47.4,74.3,48.9,77.82,89.49,81.66,56.76,43.25,42.74,81.84,46.89,58.51,51.17,64.04,61.17,40.33,29.4,34.12,67.27,61.16,31.39,54.67
231,ETH,Ethiopia,Sub-Saharan Arica,51.82,24.34,50.94,57.34,72.78,60.81,90.63,28.21,98.05,98.14,95.1,89.77,90.73,85.17,27,6.72,77.01,12.15,7.41,18.58,14.2,44.33,95.99,76.78,93.1,74.41,82.43,76.22,55.92,6.12,22.72,6.47,1.74,85.48,94.71,95.47,79.52,22.56,59.77,2.27,41.89,47.47,83.5,100,40.5,53,60.3,100,0.99,3.08,1.26,97.69,10.5,26.1,21.2,0,0.22,54.48,26.1,95.5,56.7,46.11,70.1,91.78,27.68,21.13,88.62,78.42,44.05,9.26,41.97,46.98,70.76,1.78,22.24,35.66,56.73,48.42,22.44,43.95
233,EST,Estonia,Europe and Central Asia,99.27,100,99.98,97.69,97.66,95.05,99.99,100,11.98,30.98,6.49,88.97,81.14,48.44,93.32,83.38,95.23,76.38,77.66,1.68,53.87,84.1,2.8,7.17,23.43,86.07,98.24,97.17,0,60.53,52.89,79.2,100,17.67,3.54,9.53,1.06,9.49,99.67,89.64,59.95,41.29,5.7,95.98,17.1,63.1,77.7,100,1.62,99.24,10.98,94.27,60.2,100,93.3,69.6,59.13,61.89,31.3,78.2,60.5,99.24,80.94,51.21,67.98,54.33,11.13,92.15,32.39,73.15,4.59,59.25,70.78,37.28,68.07,34,64.52,51.25,31.52,50.64
242,FJI,Fiji,East Asia and Pacific,96.25,72.45,76.32,67.61,87.28,98.76,99.23,0,64.27,72.26,80.53,0,58.23,71.34,67.99,94.41,87.46,73.4,56.2,26.76,26.38,66.2,67.38,81.01,27.22,99.31,82.74,30.12,69.77,100,17.31,43,19.6,77.86,99.7,81.11,92.92,98.72,94.59,71.35,79.11,43.89,61.2,93.11,38.1,53.27,46.2,100,0.03,89.27,37.13,97.55,22.6,100,6.5,3.9,26.09,52.41,6.1,88.6,72.1,78.16,69.91,56.47,62.47,43.88,58.54,91.03,33.3,44.98,50.03,70.03,66.14,42.14,36.66,33.36,62.45,58.09,33.83,52.56
246,FIN,Finland,Europe and Central Asia,100,99.37,99.98,98.4,99.28,80.89,99.99,100,82.47,63.71,28.02,97.63,70.18,46.9,94.91,88.6,96.5,72.37,83.51,1.58,57.91,84.1,0,0,32.55,80.12,96.07,97.97,35.29,58.99,68.57,79.35,100,0.47,19.29,22.92,7.56,28.16,100,99.8,66.05,19.67,18.7,98.83,18.4,49,35,96.35,0.7,100,22.15,94.01,100,100,86.2,100,90.89,52.46,26.4,61.6,75.8,99.44,92.52,61.29,70,56.78,10.85,88.09,44.42,76.72,8.71,60.84,59.52,40.95,81.59,32.76,69.09,54.62,30.55,53.19
250,FRA,France,Europe and Central Asia,99.39,95.65,97.85,98.94,98.5,85.97,99.98,100,34.53,79.09,10.89,87.75,45.46,52.81,91.44,91.51,97.61,72.6,83.51,1.59,65.39,94.04,1.3,1.49,66.2,90.76,71.42,90.67,59.31,42.77,68.02,78.81,53.69,0.33,89.67,99.03,28.19,23.23,93.38,99.9,44.5,63.88,36.7,96.34,33.6,70.6,45,100,1.53,100,3.37,88.63,100,100,100,88,96.25,58.81,50.2,88.6,43.8,97.96,83.8,55.2,70.14,61.13,23,81.09,49.99,60.83,26.72,67.67,69.11,34.96,81.84,36.52,68.47,55.71,32.54,53.86
266,GAB,Gabon,Sub-Saharan Arica,69.85,45.53,59.27,37.85,0,88.86,42.15,54.43,90.26,93.6,94.32,71.87,91.23,73.47,39.03,64.21,88.81,83.5,26.93,12.08,37.9,28.43,82.43,68.98,37.17,59.6,80.6,94.58,84.46,6.12,1.09,14.8,15.48,98.76,79.07,54.13,10.6,10.19,53.08,91.77,59.95,0,49.3,99.28,44.7,42.8,45.2,100,0,72.31,90.7,97.1,42.2,91,89.4,0,38.34,44.28,30.7,96.6,71.5,53.13,55.14,84.9,48.01,26.33,62.86,70.1,59.68,9.37,28.08,50.82,66.4,54.34,51.15,39.76,54.46,46.02,32.15,45.24
268,GEO,Georgia,Europe and Central Asia,97.34,89.35,92.67,71.13,85.71,88.86,100,100,0,0,54.5,58.84,67.38,70.49,71.07,84.54,94.95,49.37,60.1,7.8,42.51,78.13,24.04,66.98,53.88,95.01,77.64,96.87,70.5,67.1,9.64,0,9.18,2.21,15.32,1.82,12.21,16.91,80.54,65.46,31,24.22,59.5,97.14,81.5,51.6,41.6,100,0.36,94.81,17.77,89.87,29.3,0,1.8,46.6,31.77,49.54,28.8,95.4,47.4,87.62,74.91,50.24,62.64,47.13,48.3,86.33,55.79,21.48,5.39,52.14,74.37,37.64,28.48,34.32,63.65,46.41,30.75,48.61
276,DEU,Germany,Europe and Central Asia,99.52,96.79,98.56,96.9,99.07,69.06,99.99,100,66.29,63.77,12.9,81.02,33.46,58.41,95.22,94.12,98.26,71.92,93.27,1.56,92.01,83.87,8.88,17.42,49.97,98.07,73.01,99.18,86.15,56.24,70.73,82.66,93.28,25.63,1.51,2.89,2.27,6.98,93.12,100,46.68,55.27,23.2,90.09,38.2,65.4,40.2,98.89,2.64,100,1.43,89.04,100,91.9,100,97,88.78,85.46,56.4,86.1,45.6,97.94,86.88,49.91,71.9,67.68,25.42,85.54,61.78,75.72,4.36,63.65,66.56,34.69,80.96,37.62,69.93,56.78,31.22,54.37
288,GHA,Ghana,Sub-Saharan Arica,63.08,37.23,55.51,56.25,72,79.37,55.91,41.02,97.43,94.41,93,83.2,87.03,80.65,33.97,52.01,60.22,0,23.02,34.78,22.54,90.06,86.27,84.35,57.2,80.45,88.19,91.34,80.5,0,14.5,22.2,0.75,95.47,12.28,81.94,96.14,25.38,65.05,28.79,31,63.07,89.9,98.75,13.7,43.8,17,99.84,0.55,71.33,1.14,98.14,17.8,45.1,17.8,0,5.76,49.92,38.8,84.5,48.4,53.02,69.14,87.66,36.55,42.6,75.94,84.32,57.28,9.36,34.58,55.56,54.62,24.34,26.37,34.34,60.61,51.65,25.54,47.4
300,GRC,Greece,Europe and Central Asia,100,96.79,98.56,97.59,99.36,88.86,99.99,100,58.05,55.3,5.38,86.82,0,86.29,82.55,96.15,98.28,76.16,77.66,1.65,33.34,100,0,27.89,34.92,96,75.19,87.37,87.28,56.87,31.59,47.66,1.34,78.34,8.53,99.79,6.75,7.58,87.93,99.49,37.1,71.2,27.4,93.2,42.8,62.9,44.1,98.3,2.24,100,6.12,91.25,84,85.8,72.1,81.7,77.34,24.99,32.1,89.7,37.2,98.23,89.25,46.76,69.25,53.16,20.94,85.59,58.22,34.36,22.33,64.62,68.26,36.12,70.31,31.8,66.47,53.43,31.98,52.21
31,AZE,Azerbaijan,Europe and Central Asia,97.22,72.16,81.71,61.78,88.45,95.05,100,93.13,68.17,40.82,81.46,78.07,80.63,90.15,86.97,74.95,95.01,55.38,58.15,2,4.06,60.24,40.69,69.32,54,73.91,86.99,97.07,71.05,29.44,25.31,7.64,13.99,5.98,5.93,10.6,34.05,3.79,83.34,92.89,32.75,0,40.3,94.56,80.2,65.2,100,99.7,18.27,91.43,0.9,96.06,40.7,100,100,3.8,35.03,47.51,11.7,96,44.4,78.22,88.96,74.22,64.23,31.11,54.67,80.45,56.04,19.1,6.71,49.86,87.93,36.86,53.66,30.42,66.5,44.53,32.51,49.71
32,ARG,Argentina,Latin America and The Caribbean,95.64,85.91,92.97,58.1,94.52,31.93,100,99.64,28.09,80.12,58.21,85.08,13.92,73.62,66.46,89.18,86.91,63.88,79.61,0.17,67.44,50.3,36.96,35.68,68.34,92.9,95.98,97.47,98.02,100,67.59,48.94,76.85,91.11,95.83,73.29,54.46,88.5,91.53,97.36,60.82,56.57,29.8,98.02,27.6,47.3,44.5,96.94,1.49,96.26,7.53,96.89,60.9,67.3,51.3,5.9,46.11,48.94,16.2,69.4,58.9,83.16,70.84,62.19,60.64,49.38,46.99,94.44,65.17,73.34,44.8,67.22,62.87,35.09,46.91,28.9,63.78,70.6,31.38,56.11
324,GIN,Guinea,Sub-Saharan Arica,30.63,16.32,2.11,9.11,65.73,35.64,18.94,37.83,98.56,94.76,96.64,86.47,83.72,78.99,22.8,34.59,93.83,6.27,3.51,40.9,10.71,0,93,99.83,87.53,99.8,92.57,98.37,20.6,67.44,0,5.22,0.99,94.98,7.24,98.71,91.99,2.6,75.75,1.05,39.28,18.37,72.7,97.91,9.4,9.4,50.4,100,0.02,32.59,21.35,99.88,6.1,18.3,41.6,0,1.25,52.28,18.3,83.1,50.5,14.54,51.34,88.12,37.81,13.78,93.45,96.19,39.66,18.41,32.83,41.43,53.42,17.99,23.88,30.38,46.68,52.2,21.24,40.7
340,HND,Honduras,Latin America and The Caribbean,92.49,77.03,85.36,52.12,94.13,88.86,99.99,76.69,76.71,88.11,88.67,85.27,65.45,97.99,60.66,88.31,0,21.38,58.15,6.5,44.5,62.23,68.77,55.95,44.64,76.26,82.79,85.35,53.38,70.97,31.37,34.27,15.32,95.12,90.85,71.45,81.31,0.37,82.47,50.32,59.08,43.57,74.8,95.5,16.9,58.5,61.4,99.98,0.2,91.06,10.94,87.87,19.4,65.4,56.4,3.1,9.69,49.69,52.4,24.2,49.3,76.75,87.28,85.1,37.24,42.84,56.45,79.53,46.24,37.98,37.68,62.05,66.45,34.07,34.55,25.18,66.24,53.18,30.75,51.68
348,HUN,Hungary,Europe and Central Asia,98.91,97.65,98.66,84.88,98.97,72.36,99.95,100,45.65,23.08,0,76.06,24.18,41.65,84.14,87.15,88.55,77.27,75.71,2.1,40.46,78.13,21.26,41.81,43.45,87.75,98.9,86.98,61.85,74.23,70.4,59.3,85.31,1.41,0.12,35.59,7.19,6.56,88.29,80.49,43.19,31.38,35.8,86.86,24.7,76.1,43.4,100,8.69,100,0.66,90.09,43.7,93.8,100,53.8,61.66,73.98,30.8,88.5,37.1,95.03,83.39,32.99,64.96,49.1,35.51,93.33,49.61,72.31,5.65,55.83,66.21,36.45,63.29,31.28,63.09,56,29.86,50.99
352,ISL,Iceland,Europe and Central Asia,99.88,100,100,98.37,99.34,100,99.98,100,77.35,82.08,43.44,97.31,57.56,60.11,100,74.08,98.41,70.42,95.22,1.49,74.76,84.1,3.97,0.82,52.7,98.87,86.71,97.67,92.09,59.39,58.94,42.35,69.23,36.24,0.42,5.27,5.63,19.74,99.98,99.9,61.48,28.45,8.4,95.01,23.8,100,100,100,0.01,100,100,91.05,100,11.6,77.3,15.6,98.37,1.11,47.8,100,81.3,99.56,95.33,68.1,68.12,63.89,19.16,92.79,63.25,57.48,7.48,59.64,83.76,66.67,56.27,45.82,72.81,57.1,39.29,58.04
356,IND,India,South Asia,82.81,41.24,67.59,94.53,62.4,83.22,98.81,45.96,84.74,84.57,86.95,81.89,11.24,56.94,62.26,94.12,92.73,7.37,38.63,1.03,7.03,72.17,92.68,88.25,66.68,75.56,83.28,86.97,51.96,43.22,6.5,4.47,14.68,83.37,96.86,98.86,85.49,96.59,0,38.44,0,98.83,66.5,96.68,31.8,47.8,55,65.94,5.19,81.37,1.19,88.48,18.6,42.4,31.8,2.2,8.76,50.2,8.7,85.9,46.3,71.54,75.03,64.32,62.28,29.71,82.53,79.42,46.31,17.22,51.24,40.75,59.44,29.25,27.46,28.18,63.95,53.1,24.23,48.78
36,AUS,Australia,East Asia and Pacific,99.64,96.79,98.76,94.55,98.85,88.86,99.99,99.94,96,87.32,43.38,87.89,50.52,57.67,91.97,97.6,98.41,66.59,100,1.29,81.51,92.05,7.71,2.6,48.07,97.83,81.86,93.57,98.02,72.03,52.56,67.63,69.9,83.61,87.38,91.35,88.59,94.09,97.42,99.7,74.32,87.78,0,98.67,24.5,44,72.9,0,0.37,99.94,22.8,94.39,98.8,92.4,88.2,92.7,99.66,56.46,40.4,87.3,73.4,97.43,96.73,65.36,72,68.71,19.46,89.85,63.86,65.53,49.45,71.84,48.01,41.04,80.88,40.22,73.62,68.67,30.83,59.3
360,IDN,Indonesia,East Asia and Pacific,78.93,67.87,78.15,69.38,39.08,85.15,99.34,63.18,90.46,75.13,81.48,58.66,61.96,96.6,74.09,92.96,88.51,45.81,42.54,1.78,33.24,56.26,82.64,64.97,80.42,88.52,94.21,93.37,66.37,9.57,0,100,0.4,94.67,81.47,92,95.3,98.01,87.58,65.66,56.47,90.87,58.5,93.83,19,43.8,81.8,89.45,1.27,84.39,8.67,84.4,23.3,68.3,12.6,0,26.06,48.37,20.2,46.8,66.2,73.58,75.44,74.77,63.89,33.46,76.01,91.37,53.25,27.49,51.27,71.82,65.58,31.44,30.67,26.64,66.13,60.41,32.13,54.22
364,IRN,Iran,Middle East and North Africa,98.43,78.75,88.3,73.41,97.66,71.53,100,99.99,56.8,84.36,84.7,85.94,86.96,85.75,45.72,73.21,86.53,31.45,71.8,0,100,100,33.75,52.28,22.72,96.3,82.14,90.47,70.9,28.17,23.01,100,3.52,58.75,81.82,79.73,89.04,6.18,59.77,99.8,13.16,88.75,21.8,98.12,93.2,52.1,45.4,92.73,8.39,95.06,1.77,96.94,82.8,99.6,62,3.7,42.18,48.48,8.5,95.8,62.8,84.72,85.2,85.54,51.37,67.95,36.25,89.22,53.79,38.67,35.06,56.66,76.31,35.07,55.32,33.42,71.21,57.56,31.55,55.22
368,IRQ,Iraq,Middle East and North Africa,90.8,59.56,76.12,51.43,92.17,76.07,100,94.22,68.62,88.34,97.42,82.66,100,92.01,29.44,94.7,90.63,23.68,50.34,5.36,21.36,50.3,32.05,46.48,38,88.84,92.64,99.18,60.57,27.09,24.13,44.17,0.27,2.41,0.2,12.23,15.57,1.14,31.73,99.8,8.8,32.84,37,92.9,96.3,49.4,54.9,100,12.7,95.85,1.03,96.75,75.7,7.2,21.1,19.5,31.03,51.37,2.7,98.1,69.5,69.48,86.22,92.08,53.69,31.84,38.84,90.74,53.25,23.92,3.51,42.03,78.7,36.52,35.9,34.06,63.65,47.12,29.21,48.36
372,IRL,Ireland,Europe and Central Asia,99.76,97.37,99.07,97.62,99.07,95.05,99.99,100,45.73,87.04,44.44,96.85,39.31,68.8,97.04,93.25,98.46,69.31,79.61,1.43,93.03,90.06,3.44,4.83,35.04,97.91,92.08,99.08,66.66,21.76,63.48,87.64,61.27,1.87,12.34,3.31,15.87,9.21,97.84,99.8,77.36,13.17,13.3,95.4,22.5,71.2,72.6,99.15,0.17,95.15,11.6,0,100,100,100,89.7,85.5,45.39,43.7,96.9,45,98.45,87.97,67.29,72.19,66.03,14.44,94.99,55.24,58.54,4.73,60.29,72.17,35.64,67.89,37.12,71.32,55.3,31.68,54.62
376,ISR,Israel,Middle East and North Africa,100,97.94,98.66,96.08,99.64,91.2,99.98,100,5.76,93.76,59.98,77.85,67.25,85.4,94.86,100,98.95,72.64,91.32,1.59,51.41,98.01,15.61,22.43,28.05,67.44,76.18,93.37,73.06,29.63,53,68.7,44.77,87.06,1.55,79.12,15.81,5.06,81.54,99.9,24.26,8.94,26.7,99.09,37,45.3,100,100,18.53,100,0.05,84.12,100,95.7,100,81.7,65.98,0,12.2,76.8,51,98.17,79.32,76.85,73.45,60.58,22.03,71.81,55.48,49.02,20.96,48.27,76.28,39.53,75.36,28,71.3,50.55,30.63,52.87
380,ITA,Italy,Europe and Central Asia,100,97.94,99.27,98.77,98.81,70.3,99.97,100,50.95,59.11,8.86,69.41,20.14,80.15,90.91,94.41,99.25,73.22,91.32,1.62,57.45,90.06,0,12.29,40.49,92.47,86.1,95.37,98.3,68.59,100,73.15,19.04,84.99,11.98,74.42,16.4,6.41,87.27,99.7,20.56,72.66,36.6,91.39,35.8,71.7,41.9,100,2.16,99.84,3.4,91.42,90.4,87.8,75,58.8,79.98,78.29,41.1,89.1,39.4,98.99,84.01,47.53,71.14,60.11,17.59,89.28,64.56,65.19,21.58,63.36,68.16,35.13,69.06,33.92,66.76,61.33,31.52,54.56
384,CIV,Cote d'Ivoire,Sub-Saharan Arica,25.67,8.88,21.91,20.99,73.37,76.21,17.93,49.04,91.17,96.37,96.69,87.12,88.89,71.58,38.31,27.62,50.99,12.19,23.02,27.68,15.63,56.26,91.5,88.14,68.69,98.7,86.26,87.89,71.18,13.84,3.37,6.61,0.72,80.37,8.52,81.91,4.75,8.12,75.97,33.53,37.97,6.17,91.7,99.64,11.8,46.3,55.2,98.42,0.17,45.7,3.55,98.04,10.6,40.4,23.3,0.6,2.88,49.93,45.1,32.3,49.6,19.36,61.54,88.13,29.23,30.65,82.78,92.48,53.02,6.13,20.41,49.07,62.27,16.47,25.12,25.4,50.07,48.94,24.09,41.94
392,JPN,Japan,East Asia and Pacific,99.76,100,99.88,99.79,97.66,88.86,99.97,100,91.65,71.15,0,95.82,0,46.71,95.72,95.86,100,72.82,93.27,1.6,100,94.04,17.95,0.49,49.14,49.97,51.97,93.07,96.89,100,53.21,100,98.86,87.47,85.16,89.67,99.88,89.68,93.52,99.8,38.84,100,23,92.37,42.9,19.6,41,97.87,2.18,98.28,3.83,83.25,100,56.4,99,75.3,93.44,66.4,28.3,68.6,56.9,99.86,95.63,42.73,72.9,72.23,22.53,50.97,63.32,88.02,50.21,71.03,58.75,34.76,72.49,30.76,71.44,60.25,31.39,56.07
398,KAZ,Kazakhstan,Europe and Central Asia,99.15,89.92,91.76,81.76,86.88,55.45,100,100,66.74,65.96,68.83,92.73,52.67,38.09,70.32,45.63,72.88,61.68,79.61,1.89,36.26,78.13,25.32,50.05,57.55,92.12,99.33,93.67,72.21,61.73,49.32,30.28,21.5,97.18,0.78,4.58,20.34,28.28,90.89,88.52,42.98,0,2.1,97.14,69.5,49.9,67.7,2.06,4.04,91.45,4.03,99.54,40.7,100,50.4,28.6,40.69,42.9,4.4,97.2,64.8,90.65,81.81,63.66,47.21,48.97,44.31,95.72,55.3,40.71,16.8,44.9,57.26,33.18,51.42,33.28,65.47,55.59,25.43,50.5
4,AFG,Afghanistan,South Asia,23.12,0.57,41.2,58.82,63.18,81.44,96.05,55.27,97.53,84.64,96.43,86.41,83.27,90,61.42,72.34,83.45,7.48,3.51,37.22,0,42.35,70.79,100,93.69,88.32,89.53,64.25,46.03,6.12,24.56,31.89,1.03,7.37,89.41,92.48,97.72,1.3,37.58,37.12,20.56,68.01,100,96.34,95,60.9,100,100,4.98,48.49,1.44,99.58,7.3,0,0,0,0.47,55.57,5,90.7,57.7,30.93,78.69,88.15,54.3,20.77,88.16,88.93,36.76,15.9,32.03,52.65,90.45,18.3,15.34,30.68,58.16,48.53,30.11,46.86
40,AUT,Austria,Europe and Central Asia,99.76,97.37,98.86,97.52,98.99,84.32,99.98,100,44.02,59.95,24.24,75.93,47.07,49.56,92.17,97.02,98.21,73.74,85.46,1.66,69.02,72.17,0,12.4,45.23,94.57,94.77,98.84,66,42.55,75.59,87.68,74.31,1.65,15.79,24.62,5.29,5.7,92.56,99.7,34.7,59.66,23,62.97,32.5,69.9,57.3,99.78,0.73,100,7.1,91.13,96.4,100,100,94,86.11,74.7,63.7,84.7,54.7,98.38,85.46,51.35,71.85,57.08,19.21,94.67,54.95,70.03,5.89,61.92,64.49,35.94,81.09,40.62,67.3,57.42,30.73,53.36
400,JOR,Jordan,Middle East and North Africa,94.79,77.03,86.58,84.01,99.13,100,100,100,48.38,96.97,89.55,85.26,100,99.61,58.23,88.31,94.37,22.2,79.61,18.47,53.15,56.26,30.66,46.15,1.98,92.45,81.08,95.92,80.8,13.67,21.49,54.57,0.6,0.39,9.7,16.17,7.3,17.94,67.16,100,19.25,0,68.7,100,79.6,46,100,100,15.37,98.05,0.03,92.52,100,37.9,100,18.6,23.17,48.9,10.9,92.1,68,85.6,89.5,94.28,60.23,51.87,26.26,86.76,58.9,22.58,5.72,51.02,85.12,37.82,53.17,34.2,70.71,47.59,32.43,52.29
404,KEN,Kenya,Sub-Saharan Arica,58.96,43.24,58.56,50.54,47.9,84.51,84.42,83.45,97.11,100,88.58,94.72,92.94,82.35,26.58,31.69,87.93,16.88,38.63,24.27,33.44,80.12,94.17,78.45,82.43,90.92,93.52,90.74,85.31,29.54,39.37,51.26,3.14,95.99,97.63,88.29,97.97,18.21,72.64,12.02,53.2,82.9,84.3,99.46,27.8,53.2,68.9,100,2.25,27.04,0.43,99.05,13.9,42.1,31.5,0.5,2.4,50.29,26.2,85.3,56.5,52.82,79.48,91.72,36.55,44.12,85.02,92.22,58.68,30.83,44.23,61.01,69.87,9.91,27.06,33.6,64.68,60.76,26.68,52.1
410,KOR,South Korea,East Asia and Pacific,99.03,99.08,99.17,100,88.65,78.41,99.96,100,62.66,93.01,48.83,90.09,68.34,86.07,81.76,97.53,98.05,73.48,99.12,1.63,61.55,96.02,19.98,23.76,70.7,77.99,48.13,98.57,35.01,7.1,51.16,83.69,85.36,12.09,12.86,43.12,18.18,1.79,77.02,99.9,12.29,52.67,15.9,93.45,32.8,11.3,42.1,96.99,5.22,99.89,1.4,75.56,100,100,100,76.8,71.81,98.48,16,78.6,54.2,99.32,85.94,77.27,69.34,64.58,38.15,63.06,44.53,56.83,9.78,51.55,55.33,35.5,74.88,29.76,75.14,43.5,26.9,51.17
417,KGZ,Kyrgyzstan,Europe and Central Asia,93.1,68.16,83.84,79.53,78.66,88.86,100,65.15,82.93,80.5,86.58,100,86.8,77.41,70.37,74.08,95.04,37.69,67.9,17.33,32.63,76.14,38.13,62.86,49.26,72.21,92.57,83.86,60.19,42.61,48.02,26.44,13.27,79.08,3.28,8.03,2.44,13.64,79.87,75.31,19.03,61.51,68.1,93.97,93.6,47.1,60.07,89.44,1.82,82.65,8.97,98.68,26.8,36.1,0,0.2,4.79,50.87,20.6,93.4,58.7,81.16,83.12,86.26,59.88,48.5,50.08,82.39,48.02,32.58,11.83,60.76,76.83,31.15,23.8,34.54,69.73,46.84,31.77,51.48
418,LAO,Laos,East Asia and Pacific,77.97,40.38,56.22,56.59,69.84,88.86,99.23,67.84,96.76,86.35,81.62,75.49,67.54,84.98,55.79,85.12,37.07,48.94,30.83,36.13,12.05,60.24,80.08,85.47,77.7,89.44,72.39,83.36,42.26,6.18,0,12.7,15.58,89.62,81.71,75.03,75.86,1.25,76.93,5.22,46.68,61.28,77.3,100,13.6,43,44.6,44.3,0.44,72.16,31.24,74.24,9.4,40.3,2.4,0,9.05,49.85,29.6,6.4,57.6,57.79,84.51,79.19,44.5,34.81,81.08,80.92,41.87,8.61,35.94,53.48,49.1,34.61,19.34,18.72,63.63,46.99,26.04,47.36
422,LBN,Lebanon,Middle East and North Africa,96.85,91.35,95.11,92.41,97.66,98.76,80.68,100,42.39,75.33,63.64,87.92,87.43,95.25,59.8,85.41,94.26,79.04,73.76,29.15,57.61,44.33,34.18,54.5,20.59,92.24,80.81,94.58,57.77,72.23,28.13,41.36,3.6,3.64,7.47,0.29,4.03,23.89,70.11,99.8,30.35,61.77,63.9,99.04,33.1,100,40.73,100,4.37,86.17,0.76,81.09,80.3,63.1,71.1,38.2,36.19,44.43,13.5,84.6,34.2,93.93,83.9,81.92,59.86,51.21,36.42,86.53,50.78,36.33,4.37,65.19,74.57,30.43,52.85,26.46,70.53,47.55,32.15,52.12
426,LSO,Lesotho,Sub-Saharan Arica,34.5,0,14.7,36.77,0,5.94,72.97,82.02,93.79,67.85,87.25,0,6.55,0,16.48,0,93.43,34.51,24.98,70.05,0,76.14,96.95,96.49,64.54,78.97,93.86,54.21,37.4,6.12,22.72,23.52,15.48,12.91,5.54,7.63,16.91,6.69,73.32,44.02,45.37,52.01,70.5,98.07,44,54,100,100,0.09,47.37,2.81,97.29,10,43.3,44.7,0.3,2.84,51.55,10.6,94.3,43.5,21.49,50.95,32.33,27.48,42.79,85.99,86.42,30.53,16.96,5.52,57.05,79.21,16.76,28.35,29.68,41.88,39.46,28.76,37.22
428,LVA,Latvia,Europe and Central Asia,98.06,97.94,98.76,91.36,95.11,87.76,99.97,100,30.86,0,0,75.39,81.21,28.25,83.27,66.24,89.42,76.89,69.85,1.68,38.82,100,8.35,38.69,36.11,95.92,98.35,96.57,90.11,60.42,55.05,37.16,71.78,9.51,4.81,22.31,11.15,5.7,91.39,92.38,58.86,30.4,35.3,95.76,18.2,43.2,58.2,100,0.12,97.63,9.92,93.38,55.2,100,89.7,90.7,47.51,60.96,31.9,75.9,59.4,96.53,82.74,36.97,59.73,52.59,27.71,97.14,62.23,56.1,5.94,61.67,63.07,35.89,68.07,33.44,62.79,57.59,30.42,51.52
434,LBY,Libya,Middle East and North Africa,91.65,84.77,90.74,98.29,88.65,95.05,74.25,99.9,68.13,88.6,92.29,89.48,92.13,88.65,46.2,77.86,93.54,85.55,56.2,2.11,52.64,48.31,39.62,68.98,21.77,79.39,80.84,94.57,77.64,27.61,26.07,39.47,0.14,78.87,22.04,1.91,1.95,1.44,40.87,99.7,22.08,43.24,36.7,98.82,37.5,46.77,43.37,100,94.82,99.8,0.08,99.44,40.33,89.93,82,1.23,40.18,44.27,27.97,84.4,54.17,91.36,85.19,90.23,54.4,39.81,43.46,80.11,57.4,23.32,11.8,48.52,65.29,64.9,50.45,33.31,69.76,46.82,33.43,51.98
440,LTU,Lithuania,Europe and Central Asia,99.39,97.65,98.66,95.53,91.98,88.49,99.98,100,11.29,0,0.07,84.27,80.41,5,83.02,53.18,88.87,76.76,73.76,1.54,54.69,84.1,13.68,37.35,35.63,89.07,94.92,90.87,85.78,67.91,55.91,55.85,64.84,6.65,1.38,14.47,3.57,9.09,93.33,96.24,62.78,0,24.9,97.29,21.4,64.4,41.9,100,0.19,96.27,6.2,91.23,64.7,97.3,95.9,51.4,55.47,87.71,33.7,90.7,53.2,97.81,78.35,33.95,56.27,53.52,28.89,91.99,58.88,61.13,3.91,55.45,65,34.22,65.14,35.52,61.57,55.47,29.16,50.02
442,LUX,Luxembourg,Europe and Central Asia,99.76,99.08,99.57,99.13,98.44,98.35,99.99,100,19.95,81.72,42,94.02,51.08,62.42,94.41,94.7,99.06,70.22,93.27,1.47,44.45,100,6.53,7.73,32.43,14.9,78.47,96.51,75.04,40.23,55.91,98.25,86.24,27.71,1.99,5.74,4.15,2.72,95.18,99.9,45.37,44.06,7.3,100,30.7,100,47.4,100,0.52,99.77,1.87,84.52,100,100,100,98.5,86.58,55.94,64.6,91.8,48.5,99.39,83.34,66.25,72.04,59.8,15.56,46.68,57.18,70.16,4.7,58.36,75.62,34.05,81.37,40.98,69.49,42.39,31.59,49.99
450,MDG,Madagascar,Sub-Saharan Arica,59.81,45.82,51.05,27.23,54.56,26.98,79.23,17.21,99.03,89.69,94.08,93.26,79.16,84.82,24.04,40.11,80.72,12.85,0,14.57,0,38.37,100,98.05,100,85.35,84.7,67.74,61.29,6.12,44.45,13.2,2.57,98.24,98.32,89.47,71.16,90.94,80.11,0.14,61.91,75.75,89.4,98.34,9.2,70.2,55.5,100,0.46,11.21,15.01,99.25,7.4,41.6,39.4,0,0.17,54.3,17.4,0,46.7,45.98,55.4,88.2,36.22,13.24,99.35,85.03,43.01,16.59,49.79,61.46,66.65,8.9,26.83,12.82,54.43,53.58,26.03,45.65
454,MWI,Malawi,Sub-Saharan Arica,58.11,46.68,60.18,9.06,71.6,40.32,43.29,29.73,98.01,99.88,85.24,93.14,95.05,85.05,12.34,51.14,79.44,10.52,21.07,83.22,39.74,90.06,92.68,83.46,85.4,86.94,78.17,66.01,37.74,79.13,0,7.21,0.24,96.35,93.36,78.75,95.39,1.31,78.84,1.86,52.99,100,100,100,20.2,37.9,54.5,99.96,0.97,42.6,1,97.71,9.3,60.4,45.8,0,0,54.06,41.1,92.8,50.7,43.51,56.59,91.67,35.73,58.52,87.18,82.55,34.58,21.65,40.57,66.74,62.51,14.85,30.46,36.92,60.96,49.19,27.49,47.39
458,MYS,Malaysia,East Asia and Pacific,96.85,90.21,93.69,92.72,82.18,25.74,100,99.59,53.36,83.05,79.3,84.35,79.16,83.9,42.9,82.5,90.64,45.12,73.76,0.43,33.03,98.01,48.06,54.5,35.16,73.41,82.01,94.37,68.64,80.59,100,84.83,5.07,91.07,95.82,90.86,96.13,3.3,88.16,99.29,54.51,29.91,23.7,97.05,12.7,14.8,62.23,99.92,0.13,94.56,21.26,0,70.7,43.3,39,12.4,49.8,44.93,14.6,0,57.1,93.37,72.18,81.95,54.01,51.31,45.91,77.71,54.34,67.62,41.91,59.11,57.34,38.65,30.74,14.34,68.59,60.85,29.39,54.51
466,MLI,Mali,Sub-Saharan Arica,32.32,11.45,6.98,0,90.02,38.12,8.89,57.99,99.52,99.52,93.16,93.06,86.54,90.11,42.25,18.62,88.09,18.59,5.46,39.66,17.47,42.35,97.8,84.91,77.93,88.02,92.58,50.86,46.64,6.12,11.91,13.87,0,86.94,7.2,92.57,10.44,7.84,60.33,0.04,41.89,37.38,73,100,19.3,58.1,63.7,99.9,0.99,64.37,3.66,98.45,6.8,52,47.7,0,1.27,52.77,11.4,97,67.9,12.69,58.91,92.48,37.24,26.23,86.88,90.3,32.5,7.98,22.78,42.53,68.2,23.01,29.46,35.26,49.71,44.12,24.98,40.62
470,MLT,Malta,Middle East and North Africa,99.64,89.92,95.31,93.71,97.46,78,99.98,100,55.06,68.37,29.14,62.61,47.96,82.54,94.3,98.19,96.59,74.97,91.32,1.7,69.28,98.01,3.44,25.77,47.36,78.12,85.95,94.64,52.81,58.96,58.73,64.14,26.36,8.64,24.13,30.19,4.76,3.11,90.79,99.9,19.9,49.42,35.6,93.92,100,100,58.44,100,9.87,100,0.08,88.95,97.1,100,61.6,0,65.68,77.93,14.1,86.68,30.4,94.64,86.1,58.13,72.27,65.08,25.52,82.04,49.15,52.05,7.87,59.12,90.47,36.65,59.05,26.24,70,49.36,34.83,53.26
478,MRT,Mauritania,Sub-Saharan Arica,7.63,11.74,28.41,53.94,82.77,76.07,88.14,80.63,95.09,99.25,96.14,90.76,96.27,93.9,34.17,58.4,91.45,20.05,11.32,14.68,20.75,44.33,88.94,75.22,44.52,90.04,91.95,96.17,58.46,6.05,38.92,12.63,1.25,5.89,13.31,0.6,24.27,73.51,49.32,47.58,49.94,53.64,58.6,97.59,100,53.6,90.9,0,39.1,46.48,0.06,87.19,19.8,55.1,43.4,0,3.93,50.33,4.6,94.5,78,25.43,84.54,95.26,46,22.77,69.56,90.99,51.55,14.71,13.06,51.82,68.42,28.55,29.92,35.42,56.11,47.67,27.96,45.14
48,BHR,Bahrain,Middle East and North Africa,98.67,95.07,95.41,93.01,97.85,82.26,99.99,100,0,98.06,97.12,56.76,95.24,71.73,91.3,94.41,99.09,77.03,81.56,1.78,26.58,98.01,35.14,63.19,41.8,84.89,79.68,77.59,80.03,57.75,61.03,10.53,15.35,11.47,8.22,20.06,7.92,7.73,20.38,99.39,0,0,0,24.51,19.3,71.63,100,100,100,100,0,0,77.4,95.1,91.1,86.9,72.5,73.05,2,81.27,69.7,95.54,76.02,83.78,71.2,51.99,46.71,82.28,52.54,36.16,6.16,23.95,63.09,66.67,60.43,30.59,72.62,47.07,28.29,51.65
480,MUS,Mauritius,Sub-Saharan Arica,92.98,74.17,86.17,84.7,97.85,88.86,100,100,91.44,71.79,70.45,0,0,69.37,71.58,77.57,93.15,56.35,54.24,2.27,40.71,88.07,26.92,55.51,8.5,7.77,85.63,94.94,87,18.61,41.86,54.71,15.67,98.79,94.92,0.39,29.01,89.53,90.11,98.78,96.08,12.51,52.4,97.09,43.9,100,100,100,2.56,99.75,2.44,87.67,63.3,50.9,47.5,2.5,44.97,43.59,10.9,56.47,32.7,84.51,95.63,42.32,60.57,46.33,30.31,46.7,60.65,32.71,34.74,69.98,88.2,34.92,42.41,20.01,63.03,44.59,36.36,49.5
484,MEX,Mexico,Latin America and The Caribbean,96.37,78.75,88,60.8,95.7,63.52,99.94,84.26,81.9,90.06,87.02,16.58,73.36,85.44,70.04,89.47,25.28,67.2,79.61,0,43.27,50.3,44.96,50.61,31.01,71.5,82.72,92.64,79.37,69.88,56.35,54.46,29.06,97.45,97.26,97.96,83.35,88.99,82.11,86.79,44.28,57.06,39.3,95.18,29.8,68,46.9,91.1,2.48,99.02,3.7,93.26,39.5,65.5,77.2,31.6,43.16,45.9,21.2,67.7,57.1,80.98,85.06,70.49,46.2,43.3,42.19,77.11,57.34,52.44,51.67,61.91,66.2,35.07,50.03,29.2,63.79,61.31,30.86,53.17
496,MNG,Mongolia,East Asia and Pacific,94.92,80.18,86.58,79.7,16.36,100,99.93,100,35,66.44,64.87,99.68,91.15,36.86,46.92,21.52,84.68,91.19,52.29,26.11,29.25,94.04,38.45,70.88,45.35,99.73,78.18,94.88,79.33,33.79,1.64,25.98,0.25,11.8,6.75,19.04,6.35,3.54,58.37,55.91,44.06,84.2,1.1,98.4,38.6,71.4,68,0,0.15,71.1,12.72,97.98,22.8,25.5,44.4,3.3,21.97,48.41,23.5,93.9,67.2,85.34,70.26,71.8,38.28,50.42,51.56,88.96,58.07,15.41,5.27,48.73,55.28,27.99,30.85,36.92,63.41,46.72,24.92,46.86
499,MNE,Montenegro,Europe and Central Asia,99.64,99.66,100,96.45,97.27,100,99.47,100,0,10.02,38.84,72.97,90.06,25.04,84.42,84.25,94.94,55.74,64,1.35,43.94,70.18,0.13,53.72,26.87,98.64,97.37,96.37,78.21,36.47,82.62,38.12,8.49,3.5,17.46,8.49,9.79,22.27,82.29,60.48,35.79,39.01,34.2,90.63,41.2,44.9,100,72.69,1.05,97.54,12.02,83.71,34.8,88.1,82.4,8.4,47.88,44.1,45.1,75.8,48.2,98.94,79.35,47.38,65.9,44.87,26.91,98,58.19,41.43,6.83,50.35,69.88,36.87,49.33,33.82,63.66,54.56,29.45,50.67
50,BGD,Bangladesh,South Asia,79.42,48.68,71.15,44.4,56.91,81.44,99.67,65.21,94.14,87.31,87.04,87.75,67.07,91.74,62.85,92.09,94.57,6.91,24.98,9.32,4.93,98.01,78.91,82.57,87.41,78.57,89.45,89.07,2.51,0,15.66,0,0,4.5,14.74,4.33,17.4,17.32,32.71,22.99,0,92.17,89.7,78.59,20.3,47.3,44.5,100,3.96,95.49,0.71,78.96,16,4.8,25.7,0,3.12,50.06,4.7,92.7,44.7,60.91,79.47,84.18,62.37,34.31,82.96,84.01,30.53,3.91,6.48,47.52,58.14,33.38,18.37,28.42,66.65,36.67,26.16,45.51
504,MAR,Morocco,Middle East and North Africa,91.89,64.43,80.69,80.8,81.2,88.86,100,99.98,84.25,62.98,77.84,77.59,76.55,78.22,58.34,80.47,97.05,22.36,67.9,2,26.38,74.16,48.06,64.97,56.37,61.25,89.01,98.17,35.29,34.65,22.29,45.74,3.98,77.16,10.95,5.35,20.07,22.7,67.67,97.26,25.78,37.38,69.9,99.54,35.8,70.3,100,90.52,4.22,79.64,0.89,95.12,44.6,97,64,5.4,19.28,48.77,45.8,80.7,51.1,79.45,90.86,74.64,58.97,42.61,56.47,75.13,44.49,26.66,15.14,59.6,79.23,28.25,46.49,35.52,68.73,43.49,31.41,49.96
508,MOZ,Mozambique,Sub-Saharan Arica,65.38,21.76,27.09,0.3,29.48,57.1,15.8,24.57,97.02,89.75,90.92,81.18,87.78,53.23,21.8,0,81.42,8.23,21.07,41.55,18.09,60.24,93,90.37,86.34,88.91,86.41,68.09,64.68,59.73,21.75,25.44,11.24,94.34,62.86,96.14,70.18,99.62,81.65,2.47,58.43,100,86.6,97.02,22.5,45.2,39.3,100,0.16,26.89,3.95,99.64,7,74.9,33.3,0.2,0.02,54.35,49,91,56.9,28.63,44.8,80.57,25.81,35.24,89.9,87.66,44.26,29.54,47.02,65.83,60.8,10.33,30.72,39.38,48.78,56.25,26.17,44.24
51,ARM,Armenia,Europe and Central Asia,97.22,85.05,90.44,87.92,95.11,95.05,100,100,36.79,50.01,49.24,80.09,70.73,93.13,49.97,81.92,96.33,49.16,65.95,10.07,16.65,74.38,21.9,62.08,62.53,77.76,90.74,96.21,77.26,37.22,42.62,17.4,10.89,90.49,0.73,16.04,29.14,0.95,67.75,97.05,19.9,19.34,60.3,99.03,82.4,45.8,100,30.24,4.84,99.94,2.62,86.64,57,50.6,43,8.8,24.95,50.06,19,92.4,48,90.16,85.39,68.64,57.06,41.76,48.84,84.25,57.82,27.03,15.26,52.87,71.49,35.8,38.71,31.88,67.52,49.79,30.06,50.96
512,OMN,Oman,Middle East and North Africa,98.06,88.2,90.84,93.56,98.54,82.26,100,100,63.36,88.65,98.49,84.57,99.45,87.22,76.17,74.37,100,77.26,65.95,1.68,30.53,82.11,35.25,57.73,22.72,77.7,83.22,91.32,27.38,6.12,76.81,14.09,0.51,10.73,3.83,9.72,38.83,74.68,57.13,99.09,25.13,32.51,2.7,98.19,48.2,100,34.1,100,13.54,84.84,0.3,79.07,70.8,100,19.9,13.4,71.77,56.06,3.5,99.4,77.2,92.67,88.83,91.68,62.63,45.07,38.57,80.46,39.57,24.38,15.31,43.31,76.1,32.89,50.71,36.02,72.36,43.63,28.35,50.54
516,NAM,Namibia,Sub-Saharan Arica,76.76,48.68,59.37,60.02,5,33.17,99.22,54.74,68.81,91.9,93.77,74.83,75.56,68.37,8.39,47.66,89.2,67.7,52.29,31.53,44.19,55.82,85.53,68.31,48.67,92.53,93.15,100,52.81,6.12,28.13,63,4.44,86.27,95.7,76.86,10.92,4.23,76.62,49.21,44.28,19.34,42.5,99.57,52.1,65.3,98.1,62.09,0.52,70.14,2.88,98.28,20.4,57.1,79.4,6.2,27.62,53.38,78.9,86.4,72.7,61.21,52.19,80.89,36.31,45.96,67.5,92.84,50.94,25.42,30.44,46.39,75.43,24.52,41.29,47.6,57.37,54.51,27.33,47.5
52,BRB,Barbados,Latin America and The Caribbean,97.09,79.32,89.52,81.95,100,75.66,99.96,99.98,64.85,62.55,17.57,3.04,58.02,100,82.94,80.76,75.37,77.22,81.56,1.29,40.3,72.17,44.32,45.26,0.09,89.48,92.06,93.6,89.26,56.52,54.18,41.5,19,1.24,95.25,31.08,26.63,4.28,79.44,100,100,0,45.7,98.41,39.5,21.9,9.6,100,10.14,97.22,0.27,94.92,96.5,29.2,77.3,1.1,57.39,74.22,50.4,82.5,39.2,86.97,88.09,48.24,59.77,48.83,29.89,90.77,60.96,42.8,17.61,65.03,53.88,35.88,50.91,34.42,63.28,55.99,29.5,50.96
524,NPL,Nepal,South Asia,77.85,46.68,71.15,57.16,53.58,88.86,99.98,49.48,82.86,91.58,87.25,92.43,0,71.23,60.27,53.47,91.78,21.35,24.98,12.89,13.12,70.18,88.62,89.48,100,97.53,96.48,50.86,35.15,4.86,10.39,0,4.59,99.14,98.44,93.97,15.61,3.67,0,32.04,0,95.58,85.5,98.34,65.8,73.4,100,100,0.55,80.64,8.15,94.32,14.1,39.2,49.5,0,1.88,52.2,27.5,97.5,47.6,63.21,74.95,68.5,51.38,30.29,92.7,97.01,28.67,4.96,34.54,42.62,87.51,29.78,28.43,34.52,62.83,47.86,29.63,48.38
528,NLD,Netherlands,Europe and Central Asia,99.76,95.93,98.36,99.74,99.23,95.05,99.99,100,25.51,81.14,12.27,91.02,30.26,60.22,94.66,98.77,99.2,70.9,99.12,1.51,68.51,84.1,4.29,14.3,51.51,99.67,81.15,99.38,76.55,60.56,72.35,40.18,67.83,17.99,16.34,8.04,0.62,22.58,93.11,100,52.99,20.32,17,0,40.6,82.7,41.5,100,8.42,100,0.69,82.44,100,100,100,100,99.33,77.77,39,78,39.3,98.45,83.95,54.98,73.16,63.31,23.37,90.41,58.64,60.23,7.29,56.68,52.96,36.37,83.11,31.26,69.4,55.63,27.7,52.76
554,NZL,New Zealand,East Asia and Pacific,99.27,95.93,97.64,89.58,98.74,98.76,99.99,100,99.26,82.42,35.72,88.53,50.85,63.27,79.02,96.15,97.58,72.06,100,1.56,88.32,86.08,14.01,0,60.75,90.59,76.29,97.07,79.37,73.27,44.13,22.88,49.44,98.39,98.02,85.87,0.68,95.38,100,99.7,73.01,50.4,5.5,97.89,24.9,60,56.6,99.03,0.34,99.95,77.57,0,97.6,100,74.7,79.9,87.93,50.32,56.5,81.2,57.2,95.61,99.35,64.16,68.19,68.99,24.92,83.44,58.82,47.43,42.04,65.72,67.69,59.29,62.88,38.98,73.8,60.31,36.37,58.53
558,NIC,Nicaragua,Latin America and The Caribbean,88.5,74.17,85.56,44.43,91.78,88.86,98.4,75.07,98.81,89.82,88.84,56.18,71.97,89.15,58.4,93.83,80.3,13.15,73.76,32.78,85.71,86.08,46.78,40.69,21.77,93.42,88.33,89.68,66.94,83.02,25.53,29.96,7.8,80.04,33.48,81.37,93.73,1.14,86.2,55.3,63,58.52,65.2,93.32,15.7,54.9,64.1,100,0.11,65.64,27.91,96.23,24.1,96.5,64,0,9.1,50.14,68.4,0,48.9,73.17,90.58,79.19,58.13,69.58,36.41,90.88,52.21,36.58,32.2,65.64,65.6,31.22,41.42,23.46,70.09,56.59,30.82,54.26
56,BEL,Belgium,Europe and Central Asia,99.76,97.65,98.96,99.12,98.46,89.27,99.99,100,27.84,73.79,20.55,93.48,19.99,35.31,89.65,91.22,96.98,72.45,95.22,1.58,66.46,83.43,13.9,15.63,40.61,66.05,92.12,99.98,77.87,49.8,72.03,78.99,85.05,2.18,9.46,0.94,14.76,9.78,92.05,99.9,51.03,50.72,19.6,82.91,29,73.7,53.9,100,3.85,100,1.16,80.62,100,100,100,67.9,93.68,89.56,56.2,74.4,43.8,98.87,83.11,48.62,69.46,61.67,23.38,79.09,59.28,71.47,4.13,62.66,67.9,35,77.46,34.88,67.53,53.31,31.3,52.4
562,NER,Niger,Sub-Saharan Arica,38.74,33.79,20.79,0,83.75,86.39,6.3,34.09,99.84,97.87,100,93.45,86.29,85.63,34.42,5.55,79.02,10.59,3.51,27.09,32.42,64.21,98.87,94.71,89.19,95.66,96.29,65.43,41.19,6.12,17.31,66.74,0.43,10.68,4.19,11.76,13.73,9.05,0,0,34.49,97.37,81.9,99.98,100,53.1,100,100,5.78,0.36,0.14,100,5.4,0,1.9,0,0,53.97,25.6,89.8,73.8,23.33,62.07,92.65,29.75,31.81,94.26,95.98,35.54,22.65,5.49,42.75,90.62,2.09,15.33,37.84,53.47,44.72,25.1,42.34
566,NGA,Nigeria,Sub-Saharan Arica,0,0.57,0,28.88,57.3,83.82,17.19,29.42,99.37,100,98.25,94.37,95.6,92.47,47.74,6.72,77.75,15.19,13.27,19.5,12.4,16.5,92.89,74.44,60.87,85.86,86.6,89.33,56.2,18.36,17.31,8.89,1.93,93.58,85.4,77.58,82,27.52,19.16,21.47,23.82,46.82,80.9,99,20.6,38,59.4,99.58,0.65,54.85,1.28,98.78,11.7,73.6,59,0.2,8.41,50.09,32.3,83.9,50.4,7.36,57.42,96.14,33.05,15.42,76.07,86.23,48.51,11.62,40.68,38.43,63.32,18.93,35.96,33.32,45.04,52.08,22.53,40.4
578,NOR,Norway,Europe and Central Asia,100,99.37,99.98,98.71,99.56,100,99.99,100,76.66,84,34.98,95.14,38.41,60.45,99.87,93.83,99.51,69.98,100,1.46,78.95,96.02,11.98,0,39.31,87.7,72.42,92.77,66.37,44.18,55.81,67.24,73.18,13.45,14.31,5.91,10.35,3.05,99.39,99.9,63.87,0,13.3,95.61,30.5,56,38,100,0.07,100,82.66,86.57,100,100,98.4,64.3,100,19.25,47.7,92.7,71.3,99.51,95.24,62.6,73.3,69.11,17.09,80.06,53.05,60.1,5.23,55.29,64.02,60.91,78.47,42.34,73.25,50.39,33.87,54.58
586,PAK,Pakistan,South Asia,83.41,0,34.19,75.63,48.68,87.62,99.09,87.91,96.46,81.87,90.52,69.71,47.76,71.46,69.39,56.66,90.65,46.63,19.12,10.56,16.6,56.26,84.56,86.58,64.78,78.3,99.61,89,82.48,30.11,24.31,37.48,13.55,96.73,7.77,89.55,87.75,90.14,35.88,46.26,0.53,90.71,73.9,96.59,83.7,56.2,54.4,98.05,42.19,81.34,0.26,89.74,12.9,60.9,56.7,0.1,7.46,50.89,9.4,85.6,56.2,48.31,83.95,72.26,54.18,25.64,78.64,88.96,57.16,26.36,41.33,49.46,77.79,41.26,32.54,30.24,59.85,57.81,31.46,50.72
591,PAN,Panama,Latin America and The Caribbean,94.07,78.75,87.29,45.41,92.96,78.96,99.9,98.76,32.72,91.45,82.55,74.1,70.89,94.9,66.85,99.06,76.37,81.79,85.46,3.36,99.07,50.3,51.26,24.66,2.7,99.19,96.64,86.87,82.48,62.24,48.67,45.34,15.78,94.9,96.26,95.34,98.2,72.98,93.89,89.94,61.48,9.43,56.6,96.26,33,45.1,24.2,100,0.09,89.09,37.96,96.3,47.3,72.4,59.9,23.1,41.94,53.62,44.8,80.3,45.8,76.38,80.66,82.78,60.57,59.55,26.2,97.91,56.45,43.01,50.85,62.27,59.71,42.38,48.71,34.18,66.63,65.87,31.15,55.76
598,PNG,Papua New Guinea,East Asia and Pacific,82.81,40.66,56.93,65.92,15.57,59.16,57.3,17.65,98,87.17,80.62,51.28,18.84,94.55,70.57,61.6,72.88,29.81,9.37,75.2,27.51,0,92.89,100,98.67,90.24,83.74,66.75,91.24,12.24,11.91,21.21,0,99.63,91.89,95.63,81.06,96.12,92.79,13.95,100,57.87,79,98.96,34,38.4,55.67,56.74,0,0,100,90.45,4.8,75.2,41.1,0,2.56,49.54,13.3,94.6,78.3,61.58,49.54,66.49,51.26,28.02,97.19,86.99,52.66,11.34,51.59,68.72,56.75,33.33,30.59,37.24,57.39,56.15,30.3,48.89
600,PRY,Paraguay,Latin America and The Caribbean,84.75,72.16,82.72,52.77,91.19,88.86,100,71.58,60.26,92.42,83.44,64.46,76.69,82.66,44.15,96.15,82.18,84.82,65.95,4.17,68,60.24,47.63,49.27,57.32,79.43,71.23,88.42,62.65,18.36,55.91,60.73,25.84,83.29,8.48,7.28,21.93,9.37,93.26,66.37,48.85,85.83,42.5,96.37,16.6,54.8,49.3,100,0.23,99.24,19.42,92.12,30.5,98.3,42.8,0.7,30.77,52.65,19.9,0,63.4,73.1,82.38,79.93,55.62,49.59,51.41,75.33,50.36,40.21,14.48,67.36,63.41,39.63,42.17,16.66,66.71,47.19,32.34,50.54
604,PER,Peru,Latin America and The Caribbean,89.71,85.05,89.02,63.29,76.89,50.5,99.02,98.92,59,99.51,71.02,87.19,86.92,95.21,67.8,90.34,46.25,74.84,81.56,2.49,68.1,82.11,53.39,37.69,41.44,96.36,98.54,76.46,29.08,85.23,25.42,17.89,20.52,92.01,97.48,95.75,77.27,87.43,77.33,80.39,62.35,60.15,59.4,99.28,35.6,55.5,43,53.47,0.11,86.13,59.58,91.77,40.4,69.1,12.9,46.4,27.09,52.15,56.7,74.7,58.1,81.77,76.87,87.97,51.1,58.56,44.17,97.45,35.18,37.27,49.99,67.92,57.37,48.6,41.09,37.9,68.72,59.25,33.05,55.18
608,PHL,Philippines,East Asia and Pacific,85.71,65.29,74.7,63.05,0,62.95,99.82,55.3,84.44,78.68,88.22,61.57,53.26,97.64,72.11,95.57,83.95,16.62,50.34,3.52,23.46,44.33,66.95,84.8,58.98,92.58,89.28,80.96,75.98,29.59,41.75,51.72,31.35,92.65,92.25,91.79,86.99,83.46,85.64,51.24,85.2,89.08,74.1,94.15,28.1,100,95.63,84.7,2.24,88.21,5.16,88.88,19.7,84.8,51.9,0.7,15.93,49.13,23,42.6,48.5,72.19,60.5,75.88,62.91,30.41,70.24,90.93,52.31,38.6,49.68,77.05,80.52,31.87,37.42,22.82,61.69,61.55,35.91,53.92
616,POL,Poland,Europe and Central Asia,100,95.65,97.95,95.35,97.27,86.39,99.95,100,51.26,48.17,6.37,80.16,56.07,62.31,79.55,85.99,98.83,83.29,77.66,1.66,45.12,71.73,9.84,38.8,51.39,99.94,95.61,96.67,92.65,71.67,70.08,76.71,71.63,89.56,11.68,27.36,13.36,15.62,82.17,85.68,44.06,37.06,20.6,97.4,23.9,65.8,45.7,94.01,2.17,99.94,1.57,88.31,49.7,100,79.3,60.9,52.45,80.95,48.3,92.5,48.9,97.24,86.97,50.62,66.09,49.04,33.34,97.78,63.11,72.52,17.51,53.91,65.36,34.56,61.52,37.94,66.9,63.88,28.97,54.62
620,PRT,Portugal,Europe and Central Asia,99.39,97.65,98.66,96.9,96.48,88.86,99.99,100,35,66.76,9.35,63.96,13.43,61.69,82.85,93.25,98.67,76.43,91.32,1.72,58.22,93.81,14.33,7.73,48.07,74.37,58.36,44.83,95.48,49.99,43.26,54.82,35.49,52.26,86.97,97.27,11.47,73.77,97.9,99.49,51.03,67.95,28.1,96.81,2,70.5,41.5,97.45,2.78,99.83,4.17,86.92,85.8,100,87,55,75.53,41.8,42,72.8,38.6,98.15,84.07,43.04,68.69,61.27,23.38,66.36,46.77,45.89,35.75,68.89,61.65,35.6,70.04,30.68,66.51,49.98,31.61,51.08
626,TLS,Timor-Leste,East Asia and Pacific,83.17,47.25,57.54,80.36,2.64,98.76,100,0,90.77,89.16,96.24,88.72,71.22,91.7,72.5,90.64,92.75,19.22,32.78,82.13,17.11,74.16,73.57,80.34,61.82,55.32,94.3,0,47.44,6.12,11.91,4.47,0.95,74.77,1.05,19.65,13.46,7.53,84.17,17.51,63.22,0,67.2,98.5,40.7,100,100,100,1.65,54.39,7.5,96.42,11.5,88.3,41.1,0.3,2.01,51.52,23.8,99.4,47.6,67.08,58.44,87.41,63.97,51.55,71.91,74.81,15.81,5.86,12.94,46.42,87.84,21.18,34.23,34.16,66.12,32.14,28.89,44.75
634,QAT,Qatar,Middle East and North Africa,99.27,93.64,95.82,95.74,93.35,100,99.99,100,49.02,100,100,89.11,100,83.39,85.46,92.67,95.32,69.31,64,1.43,21.87,66.2,24.89,62.86,48.43,77.25,89.68,64.45,84.18,36.45,57.79,10.53,1.32,42.13,11.93,16.5,1.85,17.2,0,100,0,0,0,73.06,22.6,77.33,0,100,51.96,99.19,0,83.98,100,93.2,35.6,70,61.53,12.21,3.1,76.5,76.4,96.12,88.47,94.5,68.36,38.38,45.39,83.46,49.54,26.52,9.96,20,54.6,50.39,63.47,31.2,73.94,46.02,22.99,50.28
64,BTN,Bhutan,South Asia,78.21,55.84,73.48,89.82,67.88,100,100,69.56,97.91,87.22,87.62,79.35,12.79,88.18,60.52,94.41,97.63,19.11,52.29,40.69,28.63,92.05,72.93,63.97,84.33,90,82.18,81.23,77.96,0,13.53,4.47,15.47,18.4,27.58,99.94,99.52,12.92,61.07,62.92,13.59,0,61.1,96.8,56.4,88.1,100,98.26,0.04,94.93,100,97.7,18.6,31.7,4.7,0,16.54,49.08,50.7,96.6,52.3,74.34,87.07,71.03,63.14,53.41,73.74,86.09,53.06,8.37,28.71,39.74,87.91,64.99,24.18,39.92,71.06,49.47,35.6,53.94
642,ROU,Romania,Europe and Central Asia,98.06,93.64,95.31,77.59,87.28,88.86,99.98,100,48.19,8.84,15.36,93.78,49.92,68.33,77,46.79,97.4,77.32,75.71,0.6,54.64,76.14,21.05,44.7,61.7,89.75,89.39,98.67,85.97,61.63,61.86,27.22,5.08,92.17,24.06,0.37,2.91,6.52,89.92,86.69,65.83,13.17,45.2,94.7,38.4,60.5,66.6,99.72,1.85,100,2.43,96.16,44.7,100,100,30.4,51.43,52.95,34.7,84.9,44.2,91.15,84.86,47.25,55.3,51.77,42.48,89.57,61.55,38.95,14,60.16,71.98,34.76,60.39,32.76,64.91,54.14,31.46,51.64
643,RUS,Russia,Europe and Central Asia,98.31,95.93,96.53,89.16,90.41,48.84,100,100,64.46,16.71,34.02,93.57,77.14,8.97,72.22,0,79.42,55.11,75.71,0.96,39.64,96.02,37.31,45.93,52.46,86.18,90.65,97.87,89.26,65.04,65.65,39.9,30.99,81.99,77.36,12.84,22.08,10.81,88,97.77,59.52,65.67,9.2,98.27,26.3,55.1,43,91.68,0.16,94.21,34.05,98.71,63.7,75.7,86.3,18.5,50.92,45.82,22.5,89.5,79.4,94.98,80.74,46.09,37.91,53.08,45.23,88.41,62.38,50.39,22.79,64.03,62.87,42.81,56.26,38.28,62.95,58.26,32.14,52.3
646,RWA,Rwanda,Sub-Saharan Arica,70.34,57.85,67.59,74.94,89.04,49.26,0.05,58.06,95.27,98.01,89.22,90.06,86.42,84.44,23.39,51.14,76.47,13.89,42.54,51.85,35.13,84.1,88.41,79.79,88.6,84.17,77.81,68.41,61.29,100,11.69,0,1.28,64.24,10.02,97.29,82.5,7.33,54.53,0,35.14,63.07,100,99.69,26.3,36.7,57.9,100,0.22,25.97,0.86,99.37,11.8,52.8,48.2,0,0.17,54.06,29.5,94,47.3,67.68,58.34,89.63,37.75,53.4,85.6,80.99,43.23,28.24,29.04,50.55,64.12,9.02,30.33,34.16,65.14,48.96,23.35,47.75
68,BOL,Bolivia,Latin America and The Caribbean,81.6,61.57,76.02,57.7,79.44,85.15,99.34,98.31,68,83.62,79.16,46.61,54.81,85.76,46.73,78.44,88.02,39.57,64,8.12,51.57,91.39,56.81,56.62,54.95,74.87,86.16,89.87,45.56,99.61,23.58,37.16,3.06,93.78,89.58,72.52,93.92,12.11,81.31,78.87,51.03,95.9,26.3,97.79,28.2,47.6,43.6,78.36,0.07,86.59,30.94,99.65,28.4,38.1,14.6,3.5,14.34,48.75,50.5,75,65.8,69.22,86.05,69.99,53.3,53.77,56.13,80.52,45.14,40.85,40.21,66.68,59.11,39.2,28.37,38.26,66.08,54.38,31.37,52.16
682,SAU,Saudi Arabia,Middle East and North Africa,98.31,92.78,95.72,97.43,98.27,88.86,100,100,90.31,86.18,100,86.59,91.79,82.89,5.23,77.86,96.78,76.16,75.71,1.65,45.27,92.05,37.28,65.2,10.99,98.68,92.06,87.39,65.24,18.36,56.46,39.04,2.43,7.23,79.4,7.01,6.39,21.96,0,99.29,11.63,43.89,0,99.07,100,38.5,100,99.02,100,100,0.04,94.7,76.2,32.2,37.1,11.8,80.28,63.61,6,97.5,74.2,96.06,95.49,89.49,44.97,53.67,37.82,95.37,50.88,29.07,13.55,30.96,87.32,66.68,47.47,35.54,73.04,51.53,33.99,54.87
686,SEN,Senegal,Sub-Saharan Arica,62.23,40.38,56.43,53.59,77.28,86.39,86.22,42.64,97.29,98.3,94.1,88.71,91.02,82.78,40.01,45.63,92.91,47.89,19.12,31.2,11.48,84.1,92.78,85.35,58.62,99.5,80.3,92.97,72.03,44.76,22.29,34.81,0,11.64,10.51,30.34,85.98,29.96,57.64,20.66,46.02,49.25,82.4,92.14,22.7,46.4,61.1,99.97,0.99,69.45,1.87,98.61,12.3,52.9,46.2,0.5,3.07,50.67,38.9,97,53.1,53.16,77.96,90.98,44.64,36.48,78.92,89.9,55,25.46,18.71,51.2,64.46,24.1,30.51,37.8,63.29,51.52,26.32,48.67
688,SRB,Serbia,Europe and Central Asia,98.91,94.22,97.04,92.67,97.46,95.05,99.65,100,0.06,18.34,4.79,58.41,35.18,62.08,84.9,94.12,97.54,100,58.15,16.09,53.41,76.14,11.34,62.19,53.76,98.56,86.23,88.53,65.8,63.83,27.59,45.63,26.2,0.03,5.07,8.73,7.12,17.8,77.4,75.72,60.82,25.36,23.1,97.22,44.5,58.8,56.6,91.76,7.41,90.49,1.32,95.25,38.7,78.8,99.2,1.7,41.59,49.69,31.4,86.7,42.8,95.71,78.44,35.76,69.14,50.95,42.43,92.39,51.44,40.81,4.31,52.48,69.78,33.08,50.75,32.18,64.49,50.34,29.17,49.65
690,SYC,Seychelles,Sub-Saharan Arica,93.95,78.75,88,59.48,97.07,63.56,99.94,100,0,77.57,48.03,59.75,72.93,74.7,74.29,86.28,84.74,78.78,69.85,2.37,41.79,96.02,51.15,50.61,34.92,2.99,96.82,82.6,74.85,52.06,60.02,38.83,6.54,92.01,59.84,97.33,91.05,88.55,83.03,99.49,69.96,0,43.5,63.51,83.5,100,36.5,100,3.08,94.12,31.1,65.87,72.3,96.1,76.5,1.6,49.3,49.19,7.5,85.7,23.6,80.04,72.11,66.6,61.33,52.51,45.56,49.9,52.48,39.36,47.64,59.2,76.7,42.77,51.67,23.36,64.54,48.12,33.56,50.32
694,SLE,Sierra Leone,Sub-Saharan Arica,0,14.03,0,25.99,42.41,34.41,8.59,8.02,99.51,93.77,96.21,88.49,85.99,80.19,13.35,20.65,80.53,11.79,7.41,49.57,26.79,84.1,97.05,96.49,65.14,90.36,83.1,67.28,12.12,12.24,31.37,4.47,15.67,28.19,13.84,78.99,91.41,20.22,81.24,1.36,46.46,40.48,99.3,93.66,3.8,63.6,58.7,0,0.01,30.09,24.37,98.87,7,49.3,30.9,0,0.09,54.23,14.8,77.9,48.8,10.01,38.59,88.93,28.63,41.97,86.23,86.73,26.47,15.94,25.85,53.77,43.95,18.16,26.59,28.3,46.13,43.68,22.16,38.2
702,SGP,Singapore,East Asia and Pacific,99.39,100,99.88,99.82,92.17,100,99.99,99.72,80.25,90.52,62.33,100,95.57,62.66,99.95,100,100,69.68,99.12,1.45,67.9,79.46,21.16,21.43,31.37,89.84,95.63,0,83.71,78.95,37.75,100,56.85,77.26,0.37,9.81,91.65,22.03,84.39,99.8,41.45,0,11.9,81.86,18.4,78.88,53,100,9.51,100,0.08,100,100,100,59,100,91.43,6.62,5,86.8,45.1,99.77,94.43,82.22,74.99,61.98,24.65,92.73,27.9,68.39,22.35,47.51,66.43,36.53,78.63,27.38,76.23,54.14,28.19,55.19
703,SVK,Slovakia,Europe and Central Asia,99.76,95.07,96.53,83.74,99.32,88.74,99.98,100,46.52,68.23,9.39,90.38,79.49,59.26,88.81,85.99,97.77,76.38,81.56,1.59,54.43,96.02,7.6,39.69,30.18,94.32,93.86,90.01,84.33,52.64,68.67,60.23,31.55,5.98,2.2,7.56,39.86,7.43,86.27,98.88,39.93,36.19,30.5,95.71,26.3,68.1,100,99.99,0.5,99.6,2.6,91.51,75.2,100,100,43.7,57.64,67.83,46.2,86.4,47.3,93.77,86.91,61.35,68.14,58.4,25.82,94.09,58.12,53.27,7,58.35,78.02,34.24,66.86,35.98,68.81,55.39,32.05,53.76
704,VNM,Viet Nam,East Asia and Pacific,95.16,73.31,82.21,82.89,65.73,25.74,99.96,92.32,94.28,69.66,68.09,59.97,54.34,76.94,20.29,76.7,36.65,33.38,77.66,4.38,37.54,90.06,75.74,61.52,63.6,80.86,81.31,97.97,0.25,64.68,51.59,37.19,34.39,72.06,92.66,70.16,76.12,18.69,71.34,58.65,54.08,66.16,59,65.77,14.1,39.7,35.5,96.41,2.63,92.91,4.3,72.54,24.9,51.5,40,0.3,10.2,49.69,25,39.4,50.8,83.39,75.61,65.8,33.41,52.41,66.95,81.08,32.74,46.96,36.63,61.85,50.3,33.28,28.49,23.04,64.79,51.63,27.73,49.72
705,SVN,Slovenia,Europe and Central Asia,99.52,99.94,100,99.8,99.15,100,99.98,100,3.55,58.02,0,88.91,62.5,29.56,91.67,95.86,99.48,76.15,85.46,1.73,60.32,92.05,0,18.08,55.66,94.54,83.37,71.07,84.96,60.83,72.67,75.04,63.17,23.81,10.27,14.38,10.66,1.32,88.17,89.64,26.43,25.52,28.2,99.79,31.9,68.8,100,100,0.57,99.07,10.28,82.72,60.6,100,80,89.1,68.5,100,55.8,84,51,99.81,80.54,47.8,71.75,59.89,24.58,88.96,52.01,67.93,6.72,51.59,80.1,36.64,68.7,38.16,67.25,54.72,31.45,52.75
710,ZAF,South Africa,Sub-Saharan Arica,85.96,70.45,67.39,54.24,0,61.3,99.86,67.36,69.71,89.71,76.31,47.71,69.86,15.11,43.62,53.18,6.27,74.19,65.95,10.02,57.97,70.18,80.19,59.63,49.26,86.26,90.59,92.37,77.96,64.56,71.05,72.23,51.79,95.54,93.71,56.39,78.79,81.47,76.94,87.4,51.46,83.39,22,99.85,17.1,58.3,45.8,12.92,5.01,87.86,0.85,95.26,36.2,68.6,70.7,21.7,30.89,52.15,24.4,95.1,58.7,69.51,59.65,59.74,25.77,51.03,63.02,88.42,56.78,64.91,45.1,64.24,46.79,31.24,46.19,35.64,56.06,65.22,27.24,50.16
716,ZWE,Zimbabwe,Sub-Saharan Arica,44.92,29.21,46.98,45.33,61.22,87.35,81.47,25.87,94.5,93.99,84.48,80.57,86.3,51.42,0,0,93.79,59.35,36.68,44.21,28.38,74.16,89.69,90.03,81.01,88.67,92.85,90.4,65.54,27.54,27.91,48.69,4.22,1.56,1.62,80.63,1.74,28.65,80.47,30.21,47.11,100,73.8,92.7,20.8,47.8,39,65.32,3.15,31.04,0.94,97.55,10.2,48.2,33.7,0,2.6,51.03,54.1,91.2,58,41.61,70.08,79.35,23.45,45.86,86.91,90.76,51.98,27.09,12.69,66.32,53.12,11.71,27.46,40.66,57.35,49.76,25.18,45.42
72,BWA,Botswana,Sub-Saharan Arica,82.93,52.12,60.18,70.64,50.64,0,99.95,89.24,51.2,86.03,94.86,44.37,70.21,43.96,31.9,48.24,87.95,76.29,50.34,26.27,62.98,92.05,82.86,68.31,47.36,87.94,81.95,94.1,66.28,12.41,9.74,38.72,10.57,31.27,6,4.45,34.19,34.22,79.42,60.28,47.76,17.72,30.5,92.1,68.9,49.5,34,93.77,0.92,85.21,1.2,94.15,20.8,95.8,44.2,1,34.83,44.9,70.7,96,72.5,66.47,58.21,67.89,42.02,57.91,66.18,84.94,53.46,17.86,12.24,47.14,67.65,29.11,41.54,47.84,60.25,46.55,26.96,46.15
724,ESP,Spain,Europe and Central Asia,99.88,98.22,99.27,97.16,98.38,57.92,99.98,100,34.92,75.82,26.95,86.84,0.46,76.13,94.86,91.22,99.11,76.05,93.27,1.74,67.39,98.01,1.09,3.61,27.22,74.83,97.32,90.77,79.37,75.12,62.29,64.53,20.63,91.12,92.99,94.96,36.67,11.41,96,99.09,34.05,73.32,35.5,98.17,21.9,56.9,35.5,99.04,3.25,99.86,2.68,89.63,81.3,100,100,91.5,87.15,56.15,46.7,90.1,40.8,98.63,78.24,53.24,71.3,65.1,10.64,86.07,56.71,55.64,36.35,67.59,62.3,35.26,78.51,35.52,66.46,60.57,31.39,54.17
729,SDN,Sudan,Sub-Saharan Arica,64.65,25.49,43.13,61.46,87.08,54.21,84.87,70.58,99.43,85.72,96.12,97.18,88.61,91.12,30.92,51.14,80.52,27.14,17.17,15.06,24.54,82.11,73.04,77.56,54.95,84.97,88.67,65.16,81.92,86.87,37.67,6.79,0.22,97.04,77.02,86.95,0.63,2.5,39.49,58.25,36.01,95.75,67.7,99.84,61.8,45,39.3,99.8,78.13,25.97,0.07,99.52,19.7,65.4,64.3,0,7.32,53.77,9.1,95.1,66.8,48.68,79.23,91.75,40.65,34.72,68.51,86.82,49.03,32.89,29.35,59.44,69.15,34.72,36.61,34.2,60.54,53.13,30.8,49.4
748,SWZ,Eswatini,Sub-Saharan Arica,47.46,50.69,52.26,49.83,29.09,41.83,99.8,64.43,75.41,85.76,92.31,17.14,63.88,0,12.14,7.01,89.21,62.83,54.24,64.69,20.39,68.19,56.45,59.92,54.24,81.96,80.98,94.01,70.6,18.36,22.72,47.84,2.62,15.15,7.59,25.97,7.68,0.47,86.76,43.11,51.68,0,69.7,100,21,72.6,29.8,100,4.69,45.23,2.64,91.1,15.5,68.6,52.3,5.7,27.17,48.28,34.8,76.2,45,50.06,62.11,51.82,27.09,51.88,56.87,81.47,54.87,22.88,6.32,50.25,64.68,17.52,37.19,31.2,50.8,45.12,24.95,41.34
752,SWE,Sweden,Europe and Central Asia,99.88,99.37,99.78,98.64,99.13,89.41,99.98,100,30.3,69.89,28.66,84.39,44,49.02,97.01,96.44,97.91,70.41,99.12,1.49,84.89,96.02,11.55,0,32.43,79.91,88.54,96.47,83.33,50.8,70.4,82.3,100,21.34,26.65,26.84,28.17,11.68,100,99.9,61.26,17.07,37,97.82,19.8,44.4,47.1,91.33,0.15,99.68,19.38,93.43,100,100,100,100,92.35,74.8,33.2,69.8,71.6,99.42,83.77,55.19,72.84,70.38,14.66,84.23,59.93,75.88,12.74,63.04,60.09,39.74,83.68,34.92,69.66,58.12,30.89,54.57
756,CHE,Switzerland,Europe and Central Asia,99.76,95.36,98.36,100,99.15,97.8,99.99,100,38.26,76.39,32.8,91.31,56.56,49.79,99.5,97.31,99.2,69.84,93.27,1.45,45.94,94.04,1.09,0,59.69,80.71,70.91,96.12,69.36,40.83,65.86,51.61,75.84,11.31,38.87,7.9,10.48,12.1,95.25,100,33.18,31.7,41.5,100,46.1,65.6,31.6,100,0.49,100,5.42,87.63,100,100,100,96.7,100,47.64,69.6,85.8,52.9,98.37,87.04,61.37,74,58.67,20.26,75.81,55.16,58.54,8.96,60.33,68.66,35.3,83.48,41.66,69.9,50.26,31.01,52.34
76,BRA,Brazil,Latin America and The Caribbean,93.1,80.76,88.3,62.13,91.19,58.83,98.87,95.48,37.02,85.53,69.32,73.69,58.66,79.34,60.89,97.31,29.66,77.34,85.46,0.01,42.4,56.26,48.06,34.79,49.5,90.83,97.14,93.54,76.55,100,64.67,56.81,17.9,98.89,96.51,89.1,96.79,93.74,92.28,91.26,51.9,82.25,43.6,98.65,24.6,65.5,49.6,77.54,0.13,98.01,31.08,79.88,42.3,65.4,42.5,49.3,45.63,43.55,51.8,45.4,63.1,81.07,76.28,73.31,46.97,46.03,44.11,93.98,56.69,59.85,52.78,72.26,63.18,43.07,46.43,32.06,63.38,68.1,33.95,55.97
762,TJK,Tajikistan,Europe and Central Asia,98.31,60.42,68.1,61.28,83.95,88.86,100,64.4,98.87,76.42,96.31,89.01,86.84,89.42,61.95,89.76,87.48,48.94,64,15.49,21.11,96.02,69.41,78,54.83,89.98,91.27,71.47,49.72,13.42,100,44.24,7.74,11.16,17.25,8.72,7.16,4.12,50.89,70.64,23.39,13.33,86.5,99.64,100,52,100,22.14,1.9,66.02,8.12,98.92,20.5,28.3,31.4,2.2,4.41,52.94,27.1,93.3,58,72.03,87.22,87.6,59.8,49.16,67.41,90.63,40.39,41.35,5.38,48.95,74.76,25.35,26.53,35.68,71.22,47.43,27.89,51.08
764,THA,Thailand,East Asia and Pacific,95.88,88.2,93.28,70.77,70.82,19.55,99.93,99.82,83.31,87.68,50.28,62.52,68.25,71.85,15.67,96.15,93.3,73.15,87.41,1.73,66.62,74.16,56.49,40.36,64.9,94.53,75.68,94.57,90.68,39.75,49.54,59.05,55.2,80.28,83.7,80.56,79.44,85.76,75.51,78.56,39.28,72.98,37.7,93.54,23.3,38.7,28.3,99.93,2.95,99.93,3.66,90.21,40.1,100,57.4,2,40.62,46.08,21.8,69.9,48.2,87.03,74.69,68.12,51.28,57.48,53.92,85.11,61.75,50.88,45.53,60.81,56.76,35.52,47.19,27.98,67.33,63.07,29.06,54.57
768,TGO,Togo,Sub-Saharan Arica,52.42,32.36,34.5,39.71,92.96,56.68,38.57,43.99,98.07,94.4,96.24,88.66,86.58,71.96,25.63,46.5,89.8,0.54,15.22,20.1,11.48,66.2,92.46,87.14,73.19,95.39,92.14,73.57,38.98,6.12,1.09,12.31,15.59,1.26,35.8,88.44,6.97,26.1,63.79,7.45,25.56,0,91.4,99.05,23.5,40.2,100,99.36,0.22,40.9,1.66,99.71,10.7,30.4,69.3,0,1.82,52.67,34.9,92.4,47,39.75,66.05,87.57,40.48,28.25,84.26,93.76,37.52,8.78,17.62,37.64,72.42,14.26,30.28,34.86,56.36,45.26,23.1,43.05
780,TTO,Trinidad and Tobago,Latin America and The Caribbean,92.25,70.45,84.65,82.04,96.68,98.76,99.97,99.97,75.32,83.08,57.84,3.41,92.39,72.43,79.69,98.48,87.98,77.25,75.71,1.69,45.73,77.47,43.25,57.51,0,16.72,91.4,93.37,72.31,81.95,100,21.49,4.44,10.5,99.65,95.35,3.97,6.03,78.17,99.9,81.06,0,0,94.11,36.4,31.5,30.3,100,1.01,97.9,3.12,75.94,89.6,100,55.7,3.2,71.63,68.09,92.2,90.13,52.6,82.35,94.14,61.83,66.54,50.15,33.59,54.06,55.23,51.97,23.95,51.83,58.46,34.01,56.58,46.99,67.29,46.12,27.23,48.92
784,ARE,United Arab Emirates,Middle East and North Africa,100,91.92,94.8,98.6,100,100,100,100,54.01,99.53,100,90.24,90.91,81.12,80.87,90.93,96.91,71.81,79.61,1.55,26.79,82.11,45.71,71.1,41.8,85.11,91.84,95.67,61.85,30.6,60.2,56.81,0.21,21.11,10.61,26.33,21.37,28.8,57.37,100,15.77,0,0,89.3,25.2,100,100,100,100,99.94,0,50.63,100,100,66.7,76.8,68.41,67.1,8.9,81.3,76.8,96.33,90.8,92.36,67.17,47.51,52.87,88.47,52.51,36.96,12.02,34.63,82.9,66.65,66.08,33.4,76.51,50.7,33.97,56
788,TUN,Tunisia,Middle East and North Africa,95.16,69.3,85.26,96.73,93.35,95.05,99.72,99.94,62.94,70.72,79.7,85.78,83.27,93.32,59.66,81.63,89.67,8.4,67.9,1.62,59.45,86.08,35.78,55.28,19.16,92.19,87.34,89.67,30.49,40.98,22.72,55.71,13.74,95.57,9.98,2.08,5.99,37.92,61.41,99.8,23.39,0,61,95.69,16,61.8,100,99.84,13.18,94.45,0.37,97.16,81.1,91,77.3,43,27.8,48.88,4.1,90.9,58.4,86.61,90.2,82.56,57.74,53.76,36.74,89.76,40.05,33.29,16.84,49.12,74.67,36,59.62,30.68,70.55,48.66,29.87,51.78
792,TUR,Turkey,Europe and Central Asia,98.31,88.2,92.26,84.89,97.07,66.93,100,100,41.94,84.77,58.57,78.74,68.7,96.68,87.11,88.89,94,74.08,75.71,4.76,37.28,98.01,28.63,51.27,59.69,81.34,96.84,92.87,93.22,64.6,54.29,72.12,7.67,68.29,3.37,85.86,90.49,4.06,53.17,99.39,30.79,50.72,38.5,98.82,35.6,53.6,47.5,97.82,3.06,94.15,3.15,92.81,76.2,82.8,85.2,30.4,45.57,39.85,10.9,87,44.3,90.92,81.19,77.49,67.5,53.94,46.53,89.09,62.03,49.67,28.01,54.51,66.67,33.45,59,28.44,71.5,59.62,29.12,55.22
795,TKM,Turkmenistan,Europe and Central Asia,99.52,35.8,59.78,85.25,91.39,48.51,100,100,100,72.93,85.66,92.59,100,84.09,68.11,83.67,59.58,49.79,67.9,2.22,34.26,98.01,36.74,62.63,48.07,87.79,87.09,82.32,48.85,33.4,28.67,32.14,20.07,1.01,2.09,2.52,2.74,24.56,81.07,100,36.01,55.05,0,98.4,98.1,58,100,80.28,100,99.61,0.23,91.67,83.2,53.8,35.8,9.8,27.99,51.5,2.7,96.4,67.1,70.09,87.98,87.05,52.84,50.6,49.15,87.44,43.72,28.57,3.66,54.43,86.96,66.62,43.18,33.24,67.82,44.56,38.76,52.13
8,ALB,Albania,Europe and Central Asia,98.55,81.9,92.57,88.47,97.07,100,100,100,60.71,18.32,53.26,98.63,62.03,89.19,73.06,92.67,94.78,94.59,46.44,11.81,39.38,56.93,12.51,46.04,67.86,82.59,91.23,99.68,65.72,24.85,16.77,21.03,4.33,15.14,15.28,9.52,3.44,20.14,85.48,70.44,55.6,0,58.3,89.2,41.1,70.2,54.4,99.04,0.5,90.21,10.65,95.67,34.6,100,100,2.7,32.59,55.57,38.6,82.1,39.6,90.37,91.56,64.28,65.13,38.64,42.14,86.91,55.13,16.74,7.06,53.96,70.79,33.79,52.22,32.06,67.75,46.04,29.79,49.85
800,UGA,Uganda,Sub-Saharan Arica,54.96,46.11,55.92,21.97,61.02,68.37,28.28,39.37,98.31,100,93.62,94.9,95.04,88.22,23.56,52.89,73.41,15.19,19.12,35.59,15.99,80.12,90.33,79.23,86.34,96.14,77.28,68.41,47.71,36.56,33.53,21.06,4.1,5.54,71.48,12.52,89.75,5.41,45.52,0.75,43.85,73.96,93.3,99.99,20.1,59.2,66.6,100,0.18,14.47,1.04,99.87,11.3,46,42.9,0.4,1.28,54.06,37.3,86.8,53.8,44.74,59.07,94.36,37.46,37.71,85.3,86.71,38.71,23.81,20.52,51.47,69.18,5.23,28.82,35.58,58.48,46.67,23.73,44.51
804,UKR,Ukraine,Europe and Central Asia,98.06,89.06,93.89,86.5,85.12,0,85.75,100,59.52,0,32.93,100,81.4,22.41,77.26,27.91,69.05,27.43,64,6.88,35.08,64.21,18.7,60.85,36.23,85.3,96.64,95.97,66.66,74.12,62.08,27.33,43.54,91.92,16.9,28.87,13.24,25.63,82.87,96.14,52.33,40.8,42.5,97.3,25.2,62.7,86.9,98.41,1.81,88.54,1.36,95.75,51.1,64.9,88.4,14.1,33.98,49.43,17.5,84.2,43,91.88,66.08,47.35,43.56,42.54,38.59,90.97,54.21,51.77,19.62,62.93,74.1,30.57,49.75,28.94,57.7,56.47,31.63,49.51
818,EGY,Egypt,Middle East and North Africa,95.88,71.59,81.81,65.18,97.85,60.4,100,92.88,98.03,75.91,80.67,80.69,83.73,94.32,77.54,96.15,29.35,27.5,64,0.38,13.84,90.06,54.25,84.91,32.32,78.37,87.78,85.53,73.16,41.35,0,55.6,7.22,89.47,14.4,96.51,15.96,5.08,0.35,100,24.47,15.61,60.4,96.39,61.1,100,50.6,99.91,100,98.85,0,62.33,85,54.3,58.4,42,25.32,49.82,10.6,97,77.1,78.62,89.83,83.06,50.76,42.07,57.16,83.08,52.9,26.04,24.6,40.17,81.6,66.28,46.76,36.94,68.58,50.46,34.82,53.02
826,GBR,United Kingdom,Europe and Central Asia,99.52,95.36,98.05,93.86,98.64,91.98,99.98,100,19.05,80.75,23.15,97.29,28.22,67.16,96.82,95.89,98.05,72.43,100,1.58,87.96,88.07,7.39,13.18,43.34,71.9,95.05,96.37,62.98,51.35,60.35,84.58,95.03,3.94,95.21,3.99,20.31,10.08,95.04,100,68.66,26.5,35.1,90.58,24,72.8,60.6,100,0.66,100,2.46,83.79,100,100,100,98.5,100,69.47,50.7,92.1,44.7,96.7,81.93,59.31,72.69,69.4,21.3,83.47,53.12,72.83,14.84,65.06,69.6,34.38,83.18,37.5,70.07,56.22,31.98,54.49
84,BLZ,Belize,Latin America and The Caribbean,96,80.18,89.93,54.37,94.92,95.05,100,96.47,59.13,95.28,88.24,62.05,88.32,78.64,42.67,90.93,94.92,66.45,56.2,27.03,53.46,60.24,55.85,51.16,43.1,83.55,93.54,97.87,63.19,60.35,27.48,40.47,12.8,2.43,12.66,98.63,81.86,22.49,79.53,87,54.95,0,63.2,86.55,21.4,39.4,44.2,100,0.07,97.01,46.35,84.25,37.1,22.7,0,0.6,25.03,51.05,98.6,35.9,57.2,80.12,89.11,82.5,57.13,49.23,50.04,88.55,53.69,35.27,24.23,56.93,58.31,47.81,24.24,38.34,69.85,53.91,30.8,53.35
840,USA,United States of America,North America,98.06,92.78,95.82,90.07,99.62,95.87,99.99,100,15.56,74.05,43.83,80.76,14.78,43.62,70.35,86.86,87.86,68.94,95.22,1.41,100,88.07,15.32,9.84,33.62,59.98,97.5,96.07,74.85,87.88,72.35,96.9,100,97.1,89.35,90.87,1.77,98.03,98.83,99.9,43.85,43.08,4.5,97.41,23.2,59.3,59,99.45,1.82,99.62,9.86,91.55,98,100,100,58.9,96.43,6.54,15.8,83.9,58.2,94.18,82.21,51.41,61.27,71.17,19.59,78.74,56.97,89.28,41.9,58.03,67.67,37.1,77.84,31.58,66.89,65.58,30.69,55.64
854,BFA,Burkina Faso,Sub-Saharan Arica,61.62,29.21,13.58,31.54,91,75.25,0,80.89,99.56,97.35,94.43,91.55,95.37,77.06,19,13.1,78,17.73,9.37,49.63,34.62,84.1,95.03,93.37,70.11,81.46,82.97,69.93,66.37,6.12,1.09,0,0,23.26,14.56,16.03,20.47,15.51,54.87,4.3,36.45,0,79.7,99.59,100,65.7,43.9,89.79,0.75,2.44,0.7,98.92,6.2,47.7,33.5,0,0.51,54.1,35.1,85.6,53,33.99,69.34,91.15,27.53,44.43,86.17,82.22,45.43,1.8,9.98,35.06,79.8,1.3,26.69,34.74,57.71,40.33,21.47,41.62
858,URY,Uruguay,Latin America and The Caribbean,98.31,91.35,95.21,61.36,93.35,88.86,99.97,100,30.44,72.92,19.44,78.36,6.92,23.92,64.44,87.73,69.43,76.96,87.41,1.5,93.19,86.08,34.82,19.64,57.55,80.57,94.62,93.68,79.94,19.81,40.56,56.95,32.57,94.74,15.15,82.82,13.45,7.04,96.52,97.66,68.22,37.38,21,96.63,16.7,81.6,38,100,0.45,99.04,30.61,86.14,64.6,54.7,18.1,2.1,47.19,74.3,6.6,72.2,52,86.56,82.52,40.31,55.4,67.05,37.34,87.59,57.87,37.47,23.69,64.16,66.59,43.37,38.98,26.16,64.42,54.88,32.92,52.11
860,UZB,Uzbekistan,Europe and Central Asia,96.85,75.03,84.75,84.84,87.08,67.82,100,98.74,96.6,70.1,93,85.68,96.91,74.9,73.12,77.28,92.11,33.09,73.76,8.34,29.96,92.05,35.03,80.23,52.34,75.03,85.34,91.3,64.18,80.69,100,26.37,23.29,10.77,21.83,19.99,0.06,18.28,72.79,90.04,26.87,0,43.2,97.17,72.2,52.2,56,82.53,41.82,95.94,0.53,83.38,32.8,68.5,73.2,0,2.54,50.39,1.7,75.2,65.9,85.37,90.05,84.12,60.63,51.03,55.87,80.19,51.83,57.59,7.88,46.58,72.02,46.1,37.2,28.56,72.91,50.39,30.75,53.51
887,YEM,Yemen,Middle East and North Africa,80.51,26.92,43.13,61.2,90.8,87.62,87.33,62.4,99.8,85.56,99.78,98.96,86.65,83.47,23.64,48.82,78.33,19.59,13.27,33.64,31.43,46.32,73.57,77.11,58.86,92.08,83.15,67.83,69.86,18.75,16.82,0.2,0.18,74.7,97.44,79.57,77.94,94.23,45.57,75.62,32.96,57.22,82.47,99.08,62.7,49.13,47.03,100,19.69,24.73,0.04,99.84,12.57,55.3,48.67,0,4.64,53.98,24.57,91.57,55.7,52.94,85.59,90.89,37.7,31.17,69.85,87.62,45.9,8.99,47.1,58.77,71.59,14.82,31.57,34.37,61.68,53.1,27.43,48.83
894,ZMB,Zambia,Sub-Saharan Arica,74.58,36.66,39.78,19.71,34.97,81.02,59.68,28.26,92.99,97.39,96.97,91.31,94.54,77.79,48.55,27.62,91.93,40.86,34.73,63.06,25.71,70.18,93.96,80.45,80.89,45.89,77.39,90.16,77.32,18.36,16.23,25.16,15.59,97.61,93.29,79.03,83.59,9.84,74.05,18.42,43.41,53.32,70.5,95.92,27.6,61.6,63.8,2.64,0.22,33.87,5.39,96.61,12.5,0,45.1,4.2,2.37,50.51,68.6,91.8,65.8,42.68,59.38,91.6,42.03,48.42,85.1,61.64,55.83,18.84,40.37,51.94,50.31,13.16,22.97,45.24,60.14,47.22,21.98,44.82
96,BRN,Brunei Darussalam,East Asia and Pacific,96.61,86.2,90.84,95.81,87.67,76.07,99.98,100,81.97,88.98,75.28,54.73,78.01,95.52,84.95,100,98.32,74.41,89.37,1.67,26.23,100,8.17,17.71,48.43,9.45,77.18,94.57,55.73,47.77,6.5,54.03,8.66,18.43,11.25,1.34,97.33,12.89,100,98.98,77.15,0,0,99.15,34.4,56.07,39.83,100,0.12,99.81,22.83,90.68,75.8,9.5,74,6,90.45,77.64,12.7,85.93,58.8,92.37,89.14,78.51,70.82,54.32,24.77,43.31,50.1,29.24,15.69,55.23,65.89,40.92,49.49,31.49,71.19,35.33,30.5,48.23