code,iso,country,region,total,B.1.1,B.1.2,B.1.3,B.1.4,B.1.5,B.1.6,B.2.1,B.2.2,B.2.3,B.2.4,B.3.1,B.3.2,B.3.3,B.3.4,B.3.5,B.1,B.2,B.3,B
100,BGR,Bulgaria,Europe and Central Asia,45.47,90.87,84.33,35.97,65.82,48.81,34.38,92.62,58.14,32.28,9.51,52.19,65.41,34.89,56.66,33.08,62.81,51.94,28.68,49.31
104,MMR,Myanmar,East Asia and Pacific,42.71,62.22,74.8,68.46,51.18,35.01,78.02,87.82,52.92,36.79,49.75,56.84,58.23,29.18,30.76,27.88,61.48,60.41,27.33,50.91
108,BDI,Burundi,Sub-Saharan Arica,36.43,46.6,69.16,89.97,24.69,52.66,96.79,82.76,37.18,25.75,22.26,50.66,67.13,10.17,28.19,32.9,62.52,45.83,24.11,45.99
112,BLR,Belarus,Europe and Central Asia,47.65,98.05,87.93,49.56,46.27,55.74,28.15,84.86,47.42,46.72,6.83,52.17,69.56,32.67,52.83,34.78,64.91,48.63,29,49.25
116,KHM,Cambodia,East Asia and Pacific,41.18,71.05,78.52,83.6,58.04,44.79,81.39,90.16,58.49,13.28,34.63,52.87,67.92,18.06,28.96,21.3,69.51,54.5,26.16,52
12,DZA,Algeria,Middle East and North Africa,41.7,79.44,93.11,88.8,55.34,50.24,35.69,83.37,63.1,19.59,33.61,47.38,77.26,33.2,52.17,32.64,69.55,54.31,29.45,52.95
120,CMR,Cameroon,Sub-Saharan Arica,38.45,30.5,61.3,86.44,35.06,20.92,85.38,93.6,45.44,3.04,39.37,40.93,62.76,16,27.97,35.16,51.48,51.84,22.41,42.87
124,CAN,Canada,North America,63.16,96.84,93.46,62.78,69.85,68.84,20.03,73.55,59.72,77.83,14.91,62.13,68.28,62.58,78.98,38.48,72.25,55.57,36.34,56.48
132,CPV,Cabo Verde,Sub-Saharan Arica,39.78,77.44,81.79,79.02,50.63,53.07,56.13,44.14,53.76,27.76,22.58,73.56,85.26,30.08,33.7,23.97,67.9,38.04,35.69,49.28
140,CAF,Central African Republic,Sub-Saharan Arica,31.79,3.45,34.34,77.09,25.03,20.13,97.5,88.67,42.76,9.16,32.44,30.74,76.81,11.67,29.49,39.62,39.23,48.86,21.97,36.94
144,LKA,Sri Lanka,South Asia,42.8,92.52,94.09,52.75,58.51,47.55,43.04,89,53.29,26.43,37.25,67.24,74.01,30.35,35.94,32.1,67.64,55.82,32.46,53.54
148,TCD,Chad,Sub-Saharan Arica,30.71,2,66.59,91.36,23.74,13.7,94.41,79.3,36.54,4.4,13.22,22.23,65.54,0.59,30.85,35.5,45.8,38.5,16.19,34.72
152,CHL,Chile,Latin America and The Caribbean,53.05,89.7,76.34,72.09,61.15,60.29,35.88,96.6,52.43,63.78,38.05,72.02,48.38,51.72,46.37,37.72,68.31,64.72,32.9,56.61
156,CHN,China,East Asia and Pacific,57.29,95.08,89.09,61.77,51.57,55.16,47.41,79.98,46.94,30.77,43.05,47.83,63.59,31.05,37.9,30,69.58,53.64,26.75,51.95
170,COL,Colombia,Latin America and The Caribbean,49.87,79.33,64.72,83.1,48.95,62.02,21.88,89.52,44.55,49.55,50.11,77.11,71.24,48.37,41.67,35.5,62.48,61.2,37.34,54.56
180,COD,Dem. Rep. Congo,Sub-Saharan Arica,37.21,25.21,48.34,87.67,32.69,20.16,93.57,67.45,35.5,15.4,39.85,50.21,45.17,4.2,29.35,35.94,48.66,43.33,19.07,38.19
188,CRI,Costa Rica,Latin America and The Caribbean,50.4,85.53,82.16,78.5,58.6,68.49,24.46,79.99,53.26,46.81,44.91,62.01,65.04,41.99,33.3,34.48,69.21,58.48,31.96,54.81
191,HRV,Croatia,Europe and Central Asia,48.9,97.19,85.7,34.74,68.35,49.22,30.27,80.36,42.79,34.8,7.04,58.52,68.33,36.82,61.52,35.2,64.06,44.04,30.86,48.09
192,CUB,Cuba,Latin America and The Caribbean,47.29,89.04,84.68,53.82,66.02,65.28,53.17,76.05,62.16,28.61,7.67,62.5,61.75,33.29,50.46,35.86,70.68,46.53,29.88,51.19
196,CYP,Cyprus,Europe and Central Asia,50.92,99.63,80.84,72.57,69.67,50.55,26.59,91.51,54.14,53.82,26.97,48.65,65.53,34.49,71.01,27.15,69.55,58.9,27.9,53.86
203,CZE,Czech Republic,Europe and Central Asia,54.09,97.96,87.18,49.52,67.91,60.48,35.68,87.19,42.26,65.15,2.67,58.98,64.74,34.19,70.76,37.06,69.46,50.22,29.84,51.8
204,BEN,Benin,Sub-Saharan Arica,37.3,30.74,61.3,87.16,37.5,23.59,86.04,92.03,36.13,5.69,4.6,35.29,67.8,12.1,24.97,36.52,52.52,40.43,21.41,39.56
208,DNK,Denmark,Europe and Central Asia,62.08,98.13,91.51,47.66,73.08,65.44,28.83,87.14,60.95,68.41,4.63,64.61,65.48,34.19,84.7,34.56,70.72,55.89,31.13,54.39
214,DOM,Dominican Republic,Latin America and The Caribbean,41.24,61.97,80.75,80.48,40.88,53.08,49.08,88.99,39.21,35.12,24.47,61.22,63.32,33.55,45.3,29.66,62.5,50.51,29.94,49.14
218,ECU,Ecuador,Latin America and The Caribbean,45.6,77.82,89.49,81.66,56.76,43.25,42.74,81.84,46.89,58.51,51.17,64.04,61.17,40.33,29.4,34.12,67.27,61.16,31.39,54.67
231,ETH,Ethiopia,Sub-Saharan Arica,39.7,46.11,70.1,91.78,27.68,21.13,88.62,78.42,44.05,9.26,41.97,46.98,70.76,1.78,22.24,35.66,56.73,48.42,22.44,43.95
233,EST,Estonia,Europe and Central Asia,50.88,99.24,80.94,51.21,67.98,54.33,11.13,92.15,32.39,73.15,4.59,59.25,70.78,37.28,68.07,34,64.52,51.25,31.52,50.64
242,FJI,Fiji,East Asia and Pacific,43.28,78.16,69.91,56.47,62.47,43.88,58.54,91.03,33.3,44.98,50.03,70.03,66.14,42.14,36.66,33.36,62.45,58.09,33.83,52.56
246,FIN,Finland,Europe and Central Asia,62.56,99.44,92.52,61.29,70,56.78,10.85,88.09,44.42,76.72,8.71,60.84,59.52,40.95,81.59,32.76,69.09,54.62,30.55,53.19
250,FRA,France,Europe and Central Asia,62.81,97.96,83.8,55.2,70.14,61.13,23,81.09,49.99,60.83,26.72,67.67,69.11,34.96,81.84,36.52,68.47,55.71,32.54,53.86
266,GAB,Gabon,Sub-Saharan Arica,36.75,53.13,55.14,84.9,48.01,26.33,62.86,70.1,59.68,9.37,28.08,50.82,66.4,54.34,51.15,39.76,54.46,46.02,32.15,45.24
268,GEO,Georgia,Europe and Central Asia,44.52,87.62,74.91,50.24,62.64,47.13,48.3,86.33,55.79,21.48,5.39,52.14,74.37,37.64,28.48,34.32,63.65,46.41,30.75,48.61
276,DEU,Germany,Europe and Central Asia,65.4,97.94,86.88,49.91,71.9,67.68,25.42,85.54,61.78,75.72,4.36,63.65,66.56,34.69,80.96,37.62,69.93,56.78,31.22,54.37
288,GHA,Ghana,Sub-Saharan Arica,42.87,53.02,69.14,87.66,36.55,42.6,75.94,84.32,57.28,9.36,34.58,55.56,54.62,24.34,26.37,34.34,60.61,51.65,25.54,47.4
300,GRC,Greece,Europe and Central Asia,55.46,98.23,89.25,46.76,69.25,53.16,20.94,85.59,58.22,34.36,22.33,64.62,68.26,36.12,70.31,31.8,66.47,53.43,31.98,52.21
31,AZE,Azerbaijan,Europe and Central Asia,44.1,78.22,88.96,74.22,64.23,31.11,54.67,80.45,56.04,19.1,6.71,49.86,87.93,36.86,53.66,30.42,66.5,44.53,32.51,49.71
32,ARG,Argentina,Latin America and The Caribbean,49.58,83.16,70.84,62.19,60.64,49.38,46.99,94.44,65.17,73.34,44.8,67.22,62.87,35.09,46.91,28.9,63.78,70.6,31.38,56.11
324,GIN,Guinea,Sub-Saharan Arica,38.32,14.54,51.34,88.12,37.81,13.78,93.45,96.19,39.66,18.41,32.83,41.43,53.42,17.99,23.88,30.38,46.68,52.2,21.24,40.7
340,HND,Honduras,Latin America and The Caribbean,40.2,76.75,87.28,85.1,37.24,42.84,56.45,79.53,46.24,37.98,37.68,62.05,66.45,34.07,34.55,25.18,66.24,53.18,30.75,51.68
348,HUN,Hungary,Europe and Central Asia,50.65,95.03,83.39,32.99,64.96,49.1,35.51,93.33,49.61,72.31,5.65,55.83,66.21,36.45,63.29,31.28,63.09,56,29.86,50.99
352,ISL,Iceland,Europe and Central Asia,59.23,99.56,95.33,68.1,68.12,63.89,19.16,92.79,63.25,57.48,7.48,59.64,83.76,66.67,56.27,45.82,72.81,57.1,39.29,58.04
356,IND,India,South Asia,43.98,71.54,75.03,64.32,62.28,29.71,82.53,79.42,46.31,17.22,51.24,40.75,59.44,29.25,27.46,28.18,63.95,53.1,24.23,48.78
36,AUS,Australia,East Asia and Pacific,60.99,97.43,96.73,65.36,72,68.71,19.46,89.85,63.86,65.53,49.45,71.84,48.01,41.04,80.88,40.22,73.62,68.67,30.83,59.3
360,IDN,Indonesia,East Asia and Pacific,47.99,73.58,75.44,74.77,63.89,33.46,76.01,91.37,53.25,27.49,51.27,71.82,65.58,31.44,30.67,26.64,66.13,60.41,32.13,54.22
364,IRN,Iran,Middle East and North Africa,45.65,84.72,85.2,85.54,51.37,67.95,36.25,89.22,53.79,38.67,35.06,56.66,76.31,35.07,55.32,33.42,71.21,57.56,31.55,55.22
368,IRQ,Iraq,Middle East and North Africa,38.27,69.48,86.22,92.08,53.69,31.84,38.84,90.74,53.25,23.92,3.51,42.03,78.7,36.52,35.9,34.06,63.65,47.12,29.21,48.36
372,IRL,Ireland,Europe and Central Asia,59.45,98.45,87.97,67.29,72.19,66.03,14.44,94.99,55.24,58.54,4.73,60.29,72.17,35.64,67.89,37.12,71.32,55.3,31.68,54.62
376,ISR,Israel,Middle East and North Africa,51.33,98.17,79.32,76.85,73.45,60.58,22.03,71.81,55.48,49.02,20.96,48.27,76.28,39.53,75.36,28,71.3,50.55,30.63,52.87
380,ITA,Italy,Europe and Central Asia,61.1,98.99,84.01,47.53,71.14,60.11,17.59,89.28,64.56,65.19,21.58,63.36,68.16,35.13,69.06,33.92,66.76,61.33,31.52,54.56
384,CIV,Cote d'Ivoire,Sub-Saharan Arica,41.73,19.36,61.54,88.13,29.23,30.65,82.78,92.48,53.02,6.13,20.41,49.07,62.27,16.47,25.12,25.4,50.07,48.94,24.09,41.94
392,JPN,Japan,East Asia and Pacific,64.17,99.86,95.63,42.73,72.9,72.23,22.53,50.97,63.32,88.02,50.21,71.03,58.75,34.76,72.49,30.76,71.44,60.25,31.39,56.07
398,KAZ,Kazakhstan,Europe and Central Asia,45.12,90.65,81.81,63.66,47.21,48.97,44.31,95.72,55.3,40.71,16.8,44.9,57.26,33.18,51.42,33.28,65.47,55.59,25.43,50.5
4,AFG,Afghanistan,South Asia,37.16,30.93,78.69,88.15,54.3,20.77,88.16,88.93,36.76,15.9,32.03,52.65,90.45,18.3,15.34,30.68,58.16,48.53,30.11,46.86
40,AUT,Austria,Europe and Central Asia,60.5,98.38,85.46,51.35,71.85,57.08,19.21,94.67,54.95,70.03,5.89,61.92,64.49,35.94,81.09,40.62,67.3,57.42,30.73,53.36
400,JOR,Jordan,Middle East and North Africa,44.43,85.6,89.5,94.28,60.23,51.87,26.26,86.76,58.9,22.58,5.72,51.02,85.12,37.82,53.17,34.2,70.71,47.59,32.43,52.29
404,KEN,Kenya,Sub-Saharan Arica,42.78,52.82,79.48,91.72,36.55,44.12,85.02,92.22,58.68,30.83,44.23,61.01,69.87,9.91,27.06,33.6,64.68,60.76,26.68,52.1
410,KOR,South Korea,East Asia and Pacific,55.76,99.32,85.94,77.27,69.34,64.58,38.15,63.06,44.53,56.83,9.78,51.55,55.33,35.5,74.88,29.76,75.14,43.5,26.9,51.17
417,KGZ,Kyrgyzstan,Europe and Central Asia,43.82,81.16,83.12,86.26,59.88,48.5,50.08,82.39,48.02,32.58,11.83,60.76,76.83,31.15,23.8,34.54,69.73,46.84,31.77,51.48
418,LAO,Laos,East Asia and Pacific,39.37,57.79,84.51,79.19,44.5,34.81,81.08,80.92,41.87,8.61,35.94,53.48,49.1,34.61,19.34,18.72,63.63,46.99,26.04,47.36
422,LBN,Lebanon,Middle East and North Africa,43.47,93.93,83.9,81.92,59.86,51.21,36.42,86.53,50.78,36.33,4.37,65.19,74.57,30.43,52.85,26.46,70.53,47.55,32.15,52.12
426,LSO,Lesotho,Sub-Saharan Arica,38.56,21.49,50.95,32.33,27.48,42.79,85.99,86.42,30.53,16.96,5.52,57.05,79.21,16.76,28.35,29.68,41.88,39.46,28.76,37.22
428,LVA,Latvia,Europe and Central Asia,51.65,96.53,82.74,36.97,59.73,52.59,27.71,97.14,62.23,56.1,5.94,61.67,63.07,35.89,68.07,33.44,62.79,57.59,30.42,51.52
434,LBY,Libya,Middle East and North Africa,37.27,91.36,85.19,90.23,54.4,39.81,43.46,80.11,57.4,23.32,11.8,48.52,65.29,64.9,50.45,33.31,69.76,46.82,33.43,51.98
440,LTU,Lithuania,Europe and Central Asia,51.16,97.81,78.35,33.95,56.27,53.52,28.89,91.99,58.88,61.13,3.91,55.45,65,34.22,65.14,35.52,61.57,55.47,29.16,50.02
442,LUX,Luxembourg,Europe and Central Asia,55.93,99.39,83.34,66.25,72.04,59.8,15.56,46.68,57.18,70.16,4.7,58.36,75.62,34.05,81.37,40.98,69.49,42.39,31.59,49.99
450,MDG,Madagascar,Sub-Saharan Arica,36.8,45.98,55.4,88.2,36.22,13.24,99.35,85.03,43.01,16.59,49.79,61.46,66.65,8.9,26.83,12.82,54.43,53.58,26.03,45.65
454,MWI,Malawi,Sub-Saharan Arica,38.76,43.51,56.59,91.67,35.73,58.52,87.18,82.55,34.58,21.65,40.57,66.74,62.51,14.85,30.46,36.92,60.96,49.19,27.49,47.39
458,MYS,Malaysia,East Asia and Pacific,49.68,93.37,72.18,81.95,54.01,51.31,45.91,77.71,54.34,67.62,41.91,59.11,57.34,38.65,30.74,14.34,68.59,60.85,29.39,54.51
466,MLI,Mali,Sub-Saharan Arica,38.42,12.69,58.91,92.48,37.24,26.23,86.88,90.3,32.5,7.98,22.78,42.53,68.2,23.01,29.46,35.26,49.71,44.12,24.98,40.62
470,MLT,Malta,Middle East and North Africa,52.01,94.64,86.1,58.13,72.27,65.08,25.52,82.04,49.15,52.05,7.87,59.12,90.47,36.65,59.05,26.24,70,49.36,34.83,53.26
478,MRT,Mauritania,Sub-Saharan Arica,34.17,25.43,84.54,95.26,46,22.77,69.56,90.99,51.55,14.71,13.06,51.82,68.42,28.55,29.92,35.42,56.11,47.67,27.96,45.14
48,BHR,Bahrain,Middle East and North Africa,42.21,95.54,76.02,83.78,71.2,51.99,46.71,82.28,52.54,36.16,6.16,23.95,63.09,66.67,60.43,30.59,72.62,47.07,28.29,51.65
480,MUS,Mauritius,Sub-Saharan Arica,44.73,84.51,95.63,42.32,60.57,46.33,30.31,46.7,60.65,32.71,34.74,69.98,88.2,34.92,42.41,20.01,63.03,44.59,36.36,49.5
484,MEX,Mexico,Latin America and The Caribbean,48.71,80.98,85.06,70.49,46.2,43.3,42.19,77.11,57.34,52.44,51.67,61.91,66.2,35.07,50.03,29.2,63.79,61.31,30.86,53.17
496,MNG,Mongolia,East Asia and Pacific,40.11,85.34,70.26,71.8,38.28,50.42,51.56,88.96,58.07,15.41,5.27,48.73,55.28,27.99,30.85,36.92,63.41,46.72,24.92,46.86
499,MNE,Montenegro,Europe and Central Asia,45.26,98.94,79.35,47.38,65.9,44.87,26.91,98,58.19,41.43,6.83,50.35,69.88,36.87,49.33,33.82,63.66,54.56,29.45,50.67
50,BGD,Bangladesh,South Asia,39.67,60.91,79.47,84.18,62.37,34.31,82.96,84.01,30.53,3.91,6.48,47.52,58.14,33.38,18.37,28.42,66.65,36.67,26.16,45.51
504,MAR,Morocco,Middle East and North Africa,45.33,79.45,90.86,74.64,58.97,42.61,56.47,75.13,44.49,26.66,15.14,59.6,79.23,28.25,46.49,35.52,68.73,43.49,31.41,49.96
508,MOZ,Mozambique,Sub-Saharan Arica,39.18,28.63,44.8,80.57,25.81,35.24,89.9,87.66,44.26,29.54,47.02,65.83,60.8,10.33,30.72,39.38,48.78,56.25,26.17,44.24
51,ARM,Armenia,Europe and Central Asia,42.9,90.16,85.39,68.64,57.06,41.76,48.84,84.25,57.82,27.03,15.26,52.87,71.49,35.8,38.71,31.88,67.52,49.79,30.06,50.96
512,OMN,Oman,Middle East and North Africa,43.83,92.67,88.83,91.68,62.63,45.07,38.57,80.46,39.57,24.38,15.31,43.31,76.1,32.89,50.71,36.02,72.36,43.63,28.35,50.54
516,NAM,Namibia,Sub-Saharan Arica,42.34,61.21,52.19,80.89,36.31,45.96,67.5,92.84,50.94,25.42,30.44,46.39,75.43,24.52,41.29,47.6,57.37,54.51,27.33,47.5
52,BRB,Barbados,Latin America and The Caribbean,43.71,86.97,88.09,48.24,59.77,48.83,29.89,90.77,60.96,42.8,17.61,65.03,53.88,35.88,50.91,34.42,63.28,55.99,29.5,50.96
524,NPL,Nepal,South Asia,40.79,63.21,74.95,68.5,51.38,30.29,92.7,97.01,28.67,4.96,34.54,42.62,87.51,29.78,28.43,34.52,62.83,47.86,29.63,48.38
528,NLD,Netherlands,Europe and Central Asia,62.32,98.45,83.95,54.98,73.16,63.31,23.37,90.41,58.64,60.23,7.29,56.68,52.96,36.37,83.11,31.26,69.4,55.63,27.7,52.76
554,NZL,New Zealand,East Asia and Pacific,59.55,95.61,99.35,64.16,68.19,68.99,24.92,83.44,58.82,47.43,42.04,65.72,67.69,59.29,62.88,38.98,73.8,60.31,36.37,58.53
558,NIC,Nicaragua,Latin America and The Caribbean,44.98,73.17,90.58,79.19,58.13,69.58,36.41,90.88,52.21,36.58,32.2,65.64,65.6,31.22,41.42,23.46,70.09,56.59,30.82,54.26
56,BEL,Belgium,Europe and Central Asia,57.97,98.87,83.11,48.62,69.46,61.67,23.38,79.09,59.28,71.47,4.13,62.66,67.9,35,77.46,34.88,67.53,53.31,31.3,52.4
562,NER,Niger,Sub-Saharan Arica,35.47,23.33,62.07,92.65,29.75,31.81,94.26,95.98,35.54,22.65,5.49,42.75,90.62,2.09,15.33,37.84,53.47,44.72,25.1,42.34
566,NGA,Nigeria,Sub-Saharan Arica,37.77,7.36,57.42,96.14,33.05,15.42,76.07,86.23,48.51,11.62,40.68,38.43,63.32,18.93,35.96,33.32,45.04,52.08,22.53,40.4
578,NOR,Norway,Europe and Central Asia,64.95,99.51,95.24,62.6,73.3,69.11,17.09,80.06,53.05,60.1,5.23,55.29,64.02,60.91,78.47,42.34,73.25,50.39,33.87,54.58
586,PAK,Pakistan,South Asia,37.56,48.31,83.95,72.26,54.18,25.64,78.64,88.96,57.16,26.36,41.33,49.46,77.79,41.26,32.54,30.24,59.85,57.81,31.46,50.72
591,PAN,Panama,Latin America and The Caribbean,46.47,76.38,80.66,82.78,60.57,59.55,26.2,97.91,56.45,43.01,50.85,62.27,59.71,42.38,48.71,34.18,66.63,65.87,31.15,55.76
598,PNG,Papua New Guinea,East Asia and Pacific,38.22,61.58,49.54,66.49,51.26,28.02,97.19,86.99,52.66,11.34,51.59,68.72,56.75,33.33,30.59,37.24,57.39,56.15,30.3,48.89
600,PRY,Paraguay,Latin America and The Caribbean,44.62,73.1,82.38,79.93,55.62,49.59,51.41,75.33,50.36,40.21,14.48,67.36,63.41,39.63,42.17,16.66,66.71,47.19,32.34,50.54
604,PER,Peru,Latin America and The Caribbean,46.41,81.77,76.87,87.97,51.1,58.56,44.17,97.45,35.18,37.27,49.99,67.92,57.37,48.6,41.09,37.9,68.72,59.25,33.05,55.18
608,PHL,Philippines,East Asia and Pacific,46.93,72.19,60.5,75.88,62.91,30.41,70.24,90.93,52.31,38.6,49.68,77.05,80.52,31.87,37.42,22.82,61.69,61.55,35.91,53.92
616,POL,Poland,Europe and Central Asia,53.61,97.24,86.97,50.62,66.09,49.04,33.34,97.78,63.11,72.52,17.51,53.91,65.36,34.56,61.52,37.94,66.9,63.88,28.97,54.62
620,PRT,Portugal,Europe and Central Asia,54.04,98.15,84.07,43.04,68.69,61.27,23.38,66.36,46.77,45.89,35.75,68.89,61.65,35.6,70.04,30.68,66.51,49.98,31.61,51.08
626,TLS,Timor-Leste,East Asia and Pacific,40.81,67.08,58.44,87.41,63.97,51.55,71.91,74.81,15.81,5.86,12.94,46.42,87.84,21.18,34.23,34.16,66.12,32.14,28.89,44.75
634,QAT,Qatar,Middle East and North Africa,44.17,96.12,88.47,94.5,68.36,38.38,45.39,83.46,49.54,26.52,9.96,20,54.6,50.39,63.47,31.2,73.94,46.02,22.99,50.28
64,BTN,Bhutan,South Asia,46.76,74.34,87.07,71.03,63.14,53.41,73.74,86.09,53.06,8.37,28.71,39.74,87.91,64.99,24.18,39.92,71.06,49.47,35.6,53.94
642,ROU,Romania,Europe and Central Asia,47.93,91.15,84.86,47.25,55.3,51.77,42.48,89.57,61.55,38.95,14,60.16,71.98,34.76,60.39,32.76,64.91,54.14,31.46,51.64
643,RUS,Russia,Europe and Central Asia,51.75,94.98,80.74,46.09,37.91,53.08,45.23,88.41,62.38,50.39,22.79,64.03,62.87,42.81,56.26,38.28,62.95,58.26,32.14,52.3
646,RWA,Rwanda,Sub-Saharan Arica,44.61,67.68,58.34,89.63,37.75,53.4,85.6,80.99,43.23,28.24,29.04,50.55,64.12,9.02,30.33,34.16,65.14,48.96,23.35,47.75
68,BOL,Bolivia,Latin America and The Caribbean,43.74,69.22,86.05,69.99,53.3,53.77,56.13,80.52,45.14,40.85,40.21,66.68,59.11,39.2,28.37,38.26,66.08,54.38,31.37,52.16
682,SAU,Saudi Arabia,Middle East and North Africa,44.43,96.06,95.49,89.49,44.97,53.67,37.82,95.37,50.88,29.07,13.55,30.96,87.32,66.68,47.47,35.54,73.04,51.53,33.99,54.87
686,SEN,Senegal,Sub-Saharan Arica,37.9,53.16,77.96,90.98,44.64,36.48,78.92,89.9,55,25.46,18.71,51.2,64.46,24.1,30.51,37.8,63.29,51.52,26.32,48.67
688,SRB,Serbia,Europe and Central Asia,46.75,95.71,78.44,35.76,69.14,50.95,42.43,92.39,51.44,40.81,4.31,52.48,69.78,33.08,50.75,32.18,64.49,50.34,29.17,49.65
690,SYC,Seychelles,Sub-Saharan Arica,40.52,80.04,72.11,66.6,61.33,52.51,45.56,49.9,52.48,39.36,47.64,59.2,76.7,42.77,51.67,23.36,64.54,48.12,33.56,50.32
694,SLE,Sierra Leone,Sub-Saharan Arica,37.3,10.01,38.59,88.93,28.63,41.97,86.23,86.73,26.47,15.94,25.85,53.77,43.95,18.16,26.59,28.3,46.13,43.68,22.16,38.2
702,SGP,Singapore,East Asia and Pacific,55.71,99.77,94.43,82.22,74.99,61.98,24.65,92.73,27.9,68.39,22.35,47.51,66.43,36.53,78.63,27.38,76.23,54.14,28.19,55.19
703,SVK,Slovakia,Europe and Central Asia,50.3,93.77,86.91,61.35,68.14,58.4,25.82,94.09,58.12,53.27,7,58.35,78.02,34.24,66.86,35.98,68.81,55.39,32.05,53.76
704,VNM,Viet Nam,East Asia and Pacific,45.61,83.39,75.61,65.8,33.41,52.41,66.95,81.08,32.74,46.96,36.63,61.85,50.3,33.28,28.49,23.04,64.79,51.63,27.73,49.72
705,SVN,Slovenia,Europe and Central Asia,54.48,99.81,80.54,47.8,71.75,59.89,24.58,88.96,52.01,67.93,6.72,51.59,80.1,36.64,68.7,38.16,67.25,54.72,31.45,52.75
710,ZAF,South Africa,Sub-Saharan Arica,47.45,69.51,59.65,59.74,25.77,51.03,63.02,88.42,56.78,64.91,45.1,64.24,46.79,31.24,46.19,35.64,56.06,65.22,27.24,50.16
716,ZWE,Zimbabwe,Sub-Saharan Arica,39.03,41.61,70.08,79.35,23.45,45.86,86.91,90.76,51.98,27.09,12.69,66.32,53.12,11.71,27.46,40.66,57.35,49.76,25.18,45.42
72,BWA,Botswana,Sub-Saharan Arica,42.32,66.47,58.21,67.89,42.02,57.91,66.18,84.94,53.46,17.86,12.24,47.14,67.65,29.11,41.54,47.84,60.25,46.55,26.96,46.15
724,ESP,Spain,Europe and Central Asia,60.33,98.63,78.24,53.24,71.3,65.1,10.64,86.07,56.71,55.64,36.35,67.59,62.3,35.26,78.51,35.52,66.46,60.57,31.39,54.17
729,SDN,Sudan,Sub-Saharan Arica,38.68,48.68,79.23,91.75,40.65,34.72,68.51,86.82,49.03,32.89,29.35,59.44,69.15,34.72,36.61,34.2,60.54,53.13,30.8,49.4
748,SWZ,Eswatini,Sub-Saharan Arica,40.3,50.06,62.11,51.82,27.09,51.88,56.87,81.47,54.87,22.88,6.32,50.25,64.68,17.52,37.19,31.2,50.8,45.12,24.95,41.34
752,SWE,Sweden,Europe and Central Asia,64.74,99.42,83.77,55.19,72.84,70.38,14.66,84.23,59.93,75.88,12.74,63.04,60.09,39.74,83.68,34.92,69.66,58.12,30.89,54.57
756,CHE,Switzerland,Europe and Central Asia,64.51,98.37,87.04,61.37,74,58.67,20.26,75.81,55.16,58.54,8.96,60.33,68.66,35.3,83.48,41.66,69.9,50.26,31.01,52.34
76,BRA,Brazil,Latin America and The Caribbean,54.56,81.07,76.28,73.31,46.97,46.03,44.11,93.98,56.69,59.85,52.78,72.26,63.18,43.07,46.43,32.06,63.38,68.1,33.95,55.97
762,TJK,Tajikistan,Europe and Central Asia,40.9,72.03,87.22,87.6,59.8,49.16,67.41,90.63,40.39,41.35,5.38,48.95,74.76,25.35,26.53,35.68,71.22,47.43,27.89,51.08
764,THA,Thailand,East Asia and Pacific,50.61,87.03,74.69,68.12,51.28,57.48,53.92,85.11,61.75,50.88,45.53,60.81,56.76,35.52,47.19,27.98,67.33,63.07,29.06,54.57
768,TGO,Togo,Sub-Saharan Arica,37.73,39.75,66.05,87.57,40.48,28.25,84.26,93.76,37.52,8.78,17.62,37.64,72.42,14.26,30.28,34.86,56.36,45.26,23.1,43.05
780,TTO,Trinidad and Tobago,Latin America and The Caribbean,40.27,82.35,94.14,61.83,66.54,50.15,33.59,54.06,55.23,51.97,23.95,51.83,58.46,34.01,56.58,46.99,67.29,46.12,27.23,48.92
784,ARE,United Arab Emirates,Middle East and North Africa,47.56,96.33,90.8,92.36,67.17,47.51,52.87,88.47,52.51,36.96,12.02,34.63,82.9,66.65,66.08,33.4,76.51,50.7,33.97,56
788,TUN,Tunisia,Middle East and North Africa,43.96,86.61,90.2,82.56,57.74,53.76,36.74,89.76,40.05,33.29,16.84,49.12,74.67,36,59.62,30.68,70.55,48.66,29.87,51.78
792,TUR,Turkey,Europe and Central Asia,48,90.92,81.19,77.49,67.5,53.94,46.53,89.09,62.03,49.67,28.01,54.51,66.67,33.45,59,28.44,71.5,59.62,29.12,55.22
795,TKM,Turkmenistan,Europe and Central Asia,39.68,70.09,87.98,87.05,52.84,50.6,49.15,87.44,43.72,28.57,3.66,54.43,86.96,66.62,43.18,33.24,67.82,44.56,38.76,52.13
8,ALB,Albania,Europe and Central Asia,44.04,90.37,91.56,64.28,65.13,38.64,42.14,86.91,55.13,16.74,7.06,53.96,70.79,33.79,52.22,32.06,67.75,46.04,29.79,49.85
800,UGA,Uganda,Sub-Saharan Arica,40.27,44.74,59.07,94.36,37.46,37.71,85.3,86.71,38.71,23.81,20.52,51.47,69.18,5.23,28.82,35.58,58.48,46.67,23.73,44.51
804,UKR,Ukraine,Europe and Central Asia,44.85,91.88,66.08,47.35,43.56,42.54,38.59,90.97,54.21,51.77,19.62,62.93,74.1,30.57,49.75,28.94,57.7,56.47,31.63,49.51
818,EGY,Egypt,Middle East and North Africa,46.67,78.62,89.83,83.06,50.76,42.07,57.16,83.08,52.9,26.04,24.6,40.17,81.6,66.28,46.76,36.94,68.58,50.46,34.82,53.02
826,GBR,United Kingdom,Europe and Central Asia,65.63,96.7,81.93,59.31,72.69,69.4,21.3,83.47,53.12,72.83,14.84,65.06,69.6,34.38,83.18,37.5,70.07,56.22,31.98,54.49
84,BLZ,Belize,Latin America and The Caribbean,42,80.12,89.11,82.5,57.13,49.23,50.04,88.55,53.69,35.27,24.23,56.93,58.31,47.81,24.24,38.34,69.85,53.91,30.8,53.35
840,USA,United States of America,North America,65.19,94.18,82.21,51.41,61.27,71.17,19.59,78.74,56.97,89.28,41.9,58.03,67.67,37.1,77.84,31.58,66.89,65.58,30.69,55.64
854,BFA,Burkina Faso,Sub-Saharan Arica,40.13,33.99,69.34,91.15,27.53,44.43,86.17,82.22,45.43,1.8,9.98,35.06,79.8,1.3,26.69,34.74,57.71,40.33,21.47,41.62
858,URY,Uruguay,Latin America and The Caribbean,47.35,86.56,82.52,40.31,55.4,67.05,37.34,87.59,57.87,37.47,23.69,64.16,66.59,43.37,38.98,26.16,64.42,54.88,32.92,52.11
860,UZB,Uzbekistan,Europe and Central Asia,42.36,85.37,90.05,84.12,60.63,51.03,55.87,80.19,51.83,57.59,7.88,46.58,72.02,46.1,37.2,28.56,72.91,50.39,30.75,53.51
887,YEM,Yemen,Middle East and North Africa,34.5,52.94,85.59,90.89,37.7,31.17,69.85,87.62,45.9,8.99,47.1,58.77,71.59,14.82,31.57,34.37,61.68,53.1,27.43,48.83
894,ZMB,Zambia,Sub-Saharan Arica,38.8,42.68,59.38,91.6,42.03,48.42,85.1,61.64,55.83,18.84,40.37,51.94,50.31,13.16,22.97,45.24,60.14,47.22,21.98,44.82
96,BRN,Brunei Darussalam,East Asia and Pacific,43.5,92.37,89.14,78.51,70.82,54.32,24.77,43.31,50.1,29.24,15.69,55.23,65.89,40.92,49.49,31.49,71.19,35.33,30.5,48.23